RFID,number_plate,bank_acc_no
5f89a540fc13ae35af000000,CG-11-JP-0250,ca65c5ba-f5ca-4f67-acdb-222d516cb04a
5f89a540fc13ae35af000001,KA-25-JQ-0251,abe82fde-0dfd-4ad3-9123-054cffaee90c
5f89a540fc13ae35af000002,TN-41-JR-0252,99c33bd6-8893-4054-bf64-c7886538c11e
5f89a540fc13ae35af000003,KA-51-JS-0253,49ddc855-6c53-4668-aa15-a84caf18ef2c
5f89a540fc13ae35af000004,TN-07-JT-0254,d79347db-d45d-41cd-b9aa-2cdf5e0b47a8
5f89a540fc13ae35af000005,KL-35-JU-0255,66ca4b96-8f16-41c4-86cd-7af31299811c
5f89a540fc13ae35af000006,TN-60-JV-0256,47652e3a-cb3a-4064-ac13-195dee334eb3
5f89a540fc13ae35af000007,HR-72-JW-0257,39c65228-97a0-4c9a-bb77-c21e2fc75c4f
5f89a540fc13ae35af000008,OD-15-JX-0258,524c621b-8def-423b-bb0c-a6b3ff5588ca
5f89a540fc13ae35af000009,KA-27-JY-0259,74c351de-353b-4ad0-baff-edd7a844423b
5f89a540fc13ae35af00000a,UP-56-JZ-0260,6e538ae3-b7d1-4271-a132-21c9fd9dd790
5f89a540fc13ae35af00000b,MH-36-KA-0261,7c58ed99-a2df-48ca-8dc0-07f8d311a8c7
5f89a540fc13ae35af00000c,AS-20-KB-0262,e0c563a0-15d4-4a79-b1e0-96c3412b4329
5f89a540fc13ae35af00000d,HP-47-KC-0263,d37dee8f-a08c-452b-a2dd-86052b9d24be
5f89a540fc13ae35af00000e,MP-06-KD-0264,a0063d0d-4751-423f-bff9-f2f6ba2a7a28
5f89a540fc13ae35af00000f,HR-44-KE-0265,88e02216-60b1-4f2d-8f4b-9f93da4ff8bb
5f89a540fc13ae35af000010,DL-4-KF-0266,b0d48e25-63f6-454e-81bc-8158fd282595
5f89a540fc13ae35af000011,NL-04-KG-0267,6e760651-2944-4d7c-8472-431e17c1c58f
5f89a540fc13ae35af000012,OD-31-KH-0268,63929fcc-10a1-49cd-9807-31e74ffda3a6
5f89a540fc13ae35af000013,AP-31-KI-0269,d0b44f21-4e17-49fc-848c-5d5fb1138ee6
5f89a540fc13ae35af000014,KA-19-KJ-0270,6abb84c5-b03a-4ddd-95cc-47c404832ce1
5f89a540fc13ae35af000015,UP-45-KK-0271,40c1ca11-3bfe-44bc-bc86-e0770202a706
5f89a540fc13ae35af000016,GJ-33-KL-0272,fcca2762-5222-4b11-af15-09a777b1c8e8
5f89a540fc13ae35af000017,NL-05-KM-0273,625fcdf7-5da3-47af-aef1-8161a06a5721
5f89a540fc13ae35af000018,MH-15-KN-0274,db90e355-1c39-4872-ac14-1febc8669a2f
5f89a540fc13ae35af000019,PB-08-KO-0275,fe1d44c8-fa6a-455f-a24d-931ce9144438
5f89a540fc13ae35af00001a,MP-17-KP-0276,cd2a0053-68e3-45a5-9a38-2db909d828ba
5f89a540fc13ae35af00001b,GJ-21-KQ-0277,46e2b651-70d3-49f9-b50c-7a7633de9bfb
5f89a540fc13ae35af00001c,MH-20-KR-0278,1dc3d4b3-ee90-4572-af07-4e52dfa69144
5f89a540fc13ae35af00001d,WB-62-KS-0279,8aa263ab-87fc-4ddf-950e-a1878d3cce9d
5f89a540fc13ae35af00001e,GJ-2-KT-0280,5bf8ca57-bbbb-44db-84d5-9d5dd3052586
5f89a540fc13ae35af00001f,HR-57-KU-0281,eb0fa509-ea04-4f6b-a779-072a86d16978
5f89a540fc13ae35af000020,BR-25-KV-0282,134da3bd-be8b-45cf-b07e-e1592b200fb4
5f89a540fc13ae35af000021,KL-06-KW-0283,b4ed0cb2-70a0-4428-81f7-bd335880b522
5f89a540fc13ae35af000022,KA-11-KX-0284,d7219b16-2fc7-464c-9cd6-f72afbfc50a9
5f89a540fc13ae35af000023,JH-19-KY-0285,c8d5b7ff-b5fe-4ddc-bc93-bee4760717a5
5f89a540fc13ae35af000024,AP-27-KZ-0286,0653d609-2da1-4659-940f-b50249796470
5f89a540fc13ae35af000025,MP-23-LA-0287,b74672b8-032b-4cb9-bf8a-6771043c81e4
5f89a540fc13ae35af000026,BR-38-LB-0288,6a5dd015-298d-4f56-81d6-361488c876fd
5f89a540fc13ae35af000027,BR-56-LC-0289,3906ef11-f895-47a2-b045-5f2a5be61a6b
5f89a540fc13ae35af000028,NL-08-LD-0290,2d1506c1-37bb-4020-8d94-4d9d7bbe2116
5f89a540fc13ae35af000029,KA-28-LE-0291,5d7dd002-0d33-453a-affd-f34c12e44ec4
5f89a540fc13ae35af00002a,KA-35-LF-0292,2cfae87d-af70-4e58-b682-81856d550ce0
5f89a540fc13ae35af00002b,MP-20-LG-0293,25ce8e7e-232d-4596-9675-ef75cdfe5029
5f89a540fc13ae35af00002c,NL-01-LH-0294,ee97d79b-b4b5-4ac7-9f64-71589728314a
5f89a540fc13ae35af00002d,RJ-18-LI-0295,ddcbc468-6e06-439f-8ac7-c7a1f3aa03ea
5f89a540fc13ae35af00002e,KA-05-LJ-0296,f8bdf969-b80d-4b0e-bbda-644732864aef
5f89a540fc13ae35af00002f,WB-68-LK-0297,c41d4166-9eeb-426f-8166-ef83428a62c9
5f89a540fc13ae35af000030,HP-50-LL-0298,e12c7b4d-e24a-404d-a1ae-b2b385417d2d
5f89a540fc13ae35af000031,KL-49-LM-0299,8ae87dd1-af23-4d5c-a58d-80b1a5095758
5f89a540fc13ae35af000032,ML-09-LN-0300,d564fab3-336f-465a-a9db-84d8c04134cf
5f89a540fc13ae35af000033,JH-02-LO-0301,8f5e808b-f8c7-4c02-b21b-b3f7e28de1d0
5f89a540fc13ae35af000034,HR-71-LP-0302,cd0c4af9-e6b9-4b26-aa47-ddf4247d07c4
5f89a540fc13ae35af000035,AP-26-LQ-0303,bf1aa583-d9ae-445c-8d37-d611976c0dca
5f89a540fc13ae35af000036,PB-05-LR-0304,a1e5563b-e6ce-4d08-b033-d10ba424513c
5f89a540fc13ae35af000037,KA-54-LS-0305,aa220ffc-ddb2-445c-a94d-cb8571a7392d
5f89a540fc13ae35af000038,HP-24-LT-0306,1892780b-f27c-404c-86a7-f1ac38164d45
5f89a540fc13ae35af000039,MP-22-LU-0307,26be0836-4125-4b04-acce-ef9ee09cdcfc
5f89a540fc13ae35af00003a,UP-24-LV-0308,7a359d2e-1ecd-4beb-af78-7031edd0e262
5f89a540fc13ae35af00003b,CG-08-LW-0309,f3530329-6dfd-4449-9d1d-45769795ebe0
5f89a540fc13ae35af00003c,UP-76-LX-0310,b093feb5-5375-48c8-a740-7a8bae1ef4b6
5f89a540fc13ae35af00003d,MH-27-LY-0311,f9f8ca0b-ad46-43bd-bb8c-1ab6ecaf0c3d
5f89a540fc13ae35af00003e,HR-53-LZ-0312,e35818b4-9dca-4806-96fb-a7719185f17a
5f89a540fc13ae35af00003f,PB-15-MA-0313,273950d0-0cfd-473a-88a0-125cfcf19627
5f89a540fc13ae35af000040,TN-36-MB-0314,a7a3e662-570f-42d7-b6c1-9d5933a49c0f
5f89a540fc13ae35af000041,RJ-46-MC-0315,8aeaa967-e905-4524-b473-947505f0dbdf
5f89a540fc13ae35af000042,RJ-36-MD-0316,e77baefa-dfd3-44eb-82cb-15ffe7439f2b
5f89a540fc13ae35af000043,HR-28-ME-0317,dca72a0e-89f4-49b1-8114-13da547b9ee2
5f89a540fc13ae35af000044,PY-02-MF-0318,a9ab55cc-5933-413e-af3e-86486348304a
5f89a540fc13ae35af000045,KL-55-MG-0319,083f0201-9275-476d-bc09-52e77c91d167
5f89a540fc13ae35af000046,TN-57-MH-0320,4510b84f-4479-4d13-a2a4-b3dc79738eb2
5f89a540fc13ae35af000047,JK-18-MI-0321,a8904220-a627-4b9f-88d7-bd8e09e4863c
5f89a540fc13ae35af000048,PB-24-MJ-0322,9288f0be-9ab1-4e74-bc61-520ae6fb090b
5f89a540fc13ae35af000049,KA-32-MK-0323,da209a52-1be4-462c-af43-3456457ad8cc
5f89a540fc13ae35af00004a,MZ-07-ML-0324,bca9dd02-5e2d-4eb6-93cf-9a0b6f0b6e3b
5f89a540fc13ae35af00004b,GJ-32-MM-0325,db03a813-fe74-4b17-a809-e9a011ee5372
5f89a540fc13ae35af00004c,MP-50-MN-0326,2c88a7ee-a0d3-4021-b8bd-a03952abdd2e
5f89a540fc13ae35af00004d,MZ-04-MO-0327,cfe83adf-52fd-4b6b-9179-080028dca95e
5f89a540fc13ae35af00004e,KL-34-MP-0328,60bc00c3-1bb6-4aa2-83a7-d63cc5104ced
5f89a540fc13ae35af00004f,MP-23-MQ-0329,e3d81834-2adf-4a9f-9e12-f12f2cfdfd72
5f89a540fc13ae35af000050,TN-61-MR-0330,802117b9-1cea-4cbf-85a5-1a396704dac5
5f89a540fc13ae35af000051,MH-01-MS-0331,a8576e7b-51c8-4f68-b593-112a2aa4787a
5f89a540fc13ae35af000052,GA-11-MT-0332,cfdb8ab2-9cf1-45d8-a30b-7221036734d3
5f89a540fc13ae35af000053,HR-57-MU-0333,92fa283d-5f13-42d2-a4e5-34fbc63bf043
5f89a540fc13ae35af000054,AS-14-MV-0334,231dcfd3-c634-4148-834a-54ae7b695dae
5f89a540fc13ae35af000055,HP-03-MW-0335,7a30da2a-47b9-463f-aa60-1321f123760d
5f89a540fc13ae35af000056,UP-85-MX-0336,c323787d-f3a5-4c07-9369-731f6944fbbf
5f89a540fc13ae35af000057,MN-01-MY-0337,3dfc21eb-8aaa-47b8-a0a1-3a74849e5c9a
5f89a540fc13ae35af000058,AS-01-MZ-0338,43ae4067-7c9d-4947-b059-4f3c8fa7d63c
5f89a540fc13ae35af000059,TN-16-NA-0339,ea4b1d7d-4e3e-4808-8121-c448dd2d7cfe
5f89a540fc13ae35af00005a,OD-26-NB-0340,940cd03d-6d87-4756-9c3e-a0fd2becfc9e
5f89a540fc13ae35af00005b,HR-33-NC-0341,973193a0-2fa1-4fae-9f9e-f4338400f4a5
5f89a540fc13ae35af00005c,NL-03-ND-0342,fed7546f-e720-44f6-ab5d-5cda9d8bd57c
5f89a540fc13ae35af00005d,KA-27-NE-0343,ee81ac1b-ec85-4138-b67c-4e3b153e719d
5f89a540fc13ae35af00005e,GJ-27-NF-0344,2b168746-df6f-460f-b0a6-af491d472ad8
5f89a540fc13ae35af00005f,MN-03-NG-0345,2096565c-cad0-4d1e-83a6-a8bcb8df9a61
5f89a540fc13ae35af000060,RJ-22-NH-0346,db376bbb-13a3-47d8-bef3-23f31322bda6
5f89a540fc13ae35af000061,MP-35-NI-0347,6aeab81b-e711-428c-a8a1-f415ede53e77
5f89a540fc13ae35af000062,KA-23-NJ-0348,85b00552-0b77-4d2d-991a-d2a222ff6fde
5f89a540fc13ae35af000063,UA-03-NK-0349,038b7223-5240-4702-b1a9-4f7d6798cd6d
5f89a540fc13ae35af000064,TN-37-NL-0350,26493113-b463-43c1-a166-d55c19c3a375
5f89a540fc13ae35af000065,MH-16-NM-0351,56a26373-c7e3-44e4-b6b3-2aa1e88016ad
5f89a540fc13ae35af000066,UP-94-NN-0352,cdec563d-4d9b-40a1-9924-d7e709006836
5f89a540fc13ae35af000067,KL-58-NO-0353,2bc71e83-b745-4035-beb4-c531dc428a2a
5f89a540fc13ae35af000068,WB-72-NP-0354,0be1beb3-4f42-4fd4-939f-2aebb749db74
5f89a540fc13ae35af000069,MH-36-NQ-0355,04b914ba-8979-4b0f-b5df-bc6d6087270d
5f89a540fc13ae35af00006a,HP-54-NR-0356,6adc02c3-f8f1-4526-886c-6f2675144d80
5f89a540fc13ae35af00006b,GJ-8-NS-0357,d873ffe2-76fc-4c54-9ecd-f9ec89ca6c85
5f89a540fc13ae35af00006c,PB-11-NT-0358,59555bac-8c0d-48e7-afc7-75af2edffdaa
5f89a540fc13ae35af00006d,CG-14-NU-0359,f841d171-5416-41e5-9602-16c14a59ab7a
5f89a540fc13ae35af00006e,RJ-41-NV-0360,256ee3f6-d35d-414b-b451-1d9ccc4b3d5c
5f89a540fc13ae35af00006f,KA-43-NW-0361,c987d9b0-d64f-45bd-abc3-7fe111cbc72b
5f89a540fc13ae35af000070,ML-04-NX-0362,680be263-b01e-44dc-b8b7-965285e7da33
5f89a540fc13ae35af000071,HP-03-NY-0363,3525c3ca-190f-4305-82d4-8ac49f75f9ff
5f89a540fc13ae35af000072,PB-36-NZ-0364,9fe791e8-e632-4059-aac7-1c353e8c1a17
5f89a540fc13ae35af000073,TN-33-OA-0365,4c813d65-ff8f-43e4-b3e3-730bec394b60
5f89a540fc13ae35af000074,JH-16-OB-0366,2909ebc7-1c7a-4d90-8383-d39689d5445f
5f89a540fc13ae35af000075,TN-23-OC-0367,3c05bd14-851f-4a79-b3bd-443bd03922fc
5f89a540fc13ae35af000076,PB-46-OD-0368,50aa2cd6-bb8e-4471-9009-042d5a05d6e8
5f89a540fc13ae35af000077,BR-55-OE-0369,ce693724-2037-4345-b1e4-285dcdec78a7
5f89a540fc13ae35af000078,WB-13-OF-0370,5c8f75ea-f837-45d0-bd1b-8a8076ac25ff
5f89a540fc13ae35af000079,TN-38-OG-0371,a476b8c5-81cb-46a2-9d68-6de39754f299
5f89a540fc13ae35af00007a,WB-17-OH-0372,d385493b-94e0-4f55-9566-aa6d799ea03c
5f89a540fc13ae35af00007b,UP-37-OI-0373,77e8693a-3f04-41d1-97cb-12059bfaa81f
5f89a540fc13ae35af00007c,CH-02-OJ-0374,95b9f797-12c5-4738-9fff-312dc1a349c5
5f89a540fc13ae35af00007d,UA-07-OK-0375,717b5b12-db14-4a01-b7ea-127d1eadf371
5f89a540fc13ae35af00007e,WB-63-OL-0376,1b918b0a-3d60-42d5-81e1-ead23111a86a
5f89a540fc13ae35af00007f,BR-11-OM-0377,223a0cbd-6813-4105-8d98-0d6939401d0b
5f89a540fc13ae35af000080,ML-05-ON-0378,61e62b03-28f5-48a9-b1cb-7464d9bc382d
5f89a540fc13ae35af000081,RJ-26-OO-0379,4f612164-d1a9-42a4-8cfa-984330326bdc
5f89a540fc13ae35af000082,CG-23-OP-0380,97cd5069-5e4b-4a13-9355-4083b55106f8
5f89a540fc13ae35af000083,MP-26-OQ-0381,f3dcb641-1da8-4ce1-ba42-0c0bd9b39e39
5f89a540fc13ae35af000084,MP-34-OR-0382,6ba4f7f5-0616-4b46-8fd9-057205517053
5f89a540fc13ae35af000085,JK-18-OS-0383,513728a3-adb1-4896-a12a-d27d0c8f9005
5f89a540fc13ae35af000086,RJ-24-OT-0384,ec772ff8-7dcb-4867-842c-aed9fe78364f
5f89a540fc13ae35af000087,TN-22-OU-0385,537da01e-9f4c-4f10-8875-eefc71f5edbf
5f89a541fc13ae35af000088,WB-61-OV-0386,30aa7a27-9ce2-4316-88c7-7892420d3472
5f89a541fc13ae35af000089,HR-61-OW-0387,5fb5645a-e10b-491b-bf53-82daceb5517e
5f89a541fc13ae35af00008a,KL-36-OX-0388,46860e7b-44ca-4646-966f-8f02fe46b2a3
5f89a541fc13ae35af00008b,HP-50-OY-0389,bd7f78a2-bef8-409e-9cad-cd80918e7c4d
5f89a541fc13ae35af00008c,CH-04-OZ-0390,bbbc0740-e9ee-4c59-a943-df763f1a1684
5f89a541fc13ae35af00008d,RJ-19-PA-0391,958da09a-70de-44fe-8a57-6a85dabe170a
5f89a541fc13ae35af00008e,CG-15-PB-0392,848b7970-087e-4d04-aad0-4531bb4fc2e5
5f89a541fc13ae35af00008f,HR-60-PC-0393,47416abe-49c0-47aa-8eb4-189619955376
5f89a541fc13ae35af000090,PB-49-PD-0394,433c0ea3-8093-4c8c-9ebb-2217fc67e2cd
5f89a541fc13ae35af000091,AP-10-PE-0395,9a92dc4a-512e-4771-8dfa-e1ae2643c371
5f89a541fc13ae35af000092,RJ-34-PF-0396,521da6c0-4eb6-441b-b73c-b1d41bb5c366
5f89a541fc13ae35af000093,UP-61-PG-0397,5db06045-9c29-498f-a7d4-9e6aeefabc0d
5f89a541fc13ae35af000094,MP-45-PH-0398,04c26714-4a50-4d9a-81e9-6dcaaebf39eb
5f89a541fc13ae35af000095,AS-24-PI-0399,ce450ddd-21e4-442a-a765-3ec35d3208ab
5f89a541fc13ae35af000096,AP-28-PJ-0400,344653b1-5c01-4009-ae3d-9c861683382a
5f89a541fc13ae35af000097,UP-90-PK-0401,322a502c-abf4-4247-aef3-018abd4f8087
5f89a541fc13ae35af000098,KA-54-PL-0402,342fe6b9-dc65-4afc-9bd4-9baa0f440216
5f89a541fc13ae35af000099,TN-33-PM-0403,a079c16b-27a8-4225-a78d-5aa6dfdc0b0a
5f89a541fc13ae35af00009a,KA-07-PN-0404,184c5fdb-76be-4e80-8903-ad5f9a936c68
5f89a541fc13ae35af00009b,TN-74-PO-0405,caa253df-8b4c-4676-a96a-829866e3bec5
5f89a541fc13ae35af00009c,KA-52-PP-0406,253fb924-372f-4c01-93df-e5e6003b5c8c
5f89a541fc13ae35af00009d,AR-11-PQ-0407,d56ef22a-5de1-4150-84cf-e293b1621008
5f89a541fc13ae35af00009e,OD-20-PR-0408,3c7f02fe-1719-4661-8186-093109301dd3
5f89a541fc13ae35af00009f,HR-10-PS-0409,0ea10d2e-bcca-4727-9a9b-bd015fc5bd19
5f89a541fc13ae35af0000a0,OD-11-PT-0410,bafbe4bd-1ae5-4f68-aab2-c8f675f23ba2
5f89a541fc13ae35af0000a1,MH-23-PU-0411,ef056c6b-036c-416c-b892-a9ce5d01e3a6
5f89a541fc13ae35af0000a2,MH-07-PV-0412,7896d49b-112c-4c13-9b1b-e8f8e081a961
5f89a541fc13ae35af0000a3,MH-27-PW-0413,453bdaa5-a515-48f3-9386-9879321d2211
5f89a541fc13ae35af0000a4,TN-42-PX-0414,6adfcb2f-6144-4af3-b7c9-da59018d43af
5f89a541fc13ae35af0000a5,AS-16-PY-0415,fd4cf164-c0cb-426c-9371-ceda4b787925
5f89a541fc13ae35af0000a6,GJ-21-PZ-0416,bf29287d-d091-4baa-81e3-9df4b358d762
5f89a541fc13ae35af0000a7,KL-71-QA-0417,eeb9fc63-408e-42c6-a924-84caab5fb37b
5f89a541fc13ae35af0000a8,MH-44-QB-0418,8e6098bd-11e9-4c94-8cb3-fecad1b8a1db
5f89a541fc13ae35af0000a9,HR-10-QC-0419,86d95787-0a37-4945-bc3a-7441d8707c6c
5f89a541fc13ae35af0000aa,TN-23-QD-0420,c8d92f62-d5e7-4de0-9b99-46f72b0e6a2b
5f89a541fc13ae35af0000ab,RJ-34-QE-0421,dd7616b6-adc8-47e5-be0e-b59c76abe5aa
5f89a541fc13ae35af0000ac,JK-09-QF-0422,5bf353dc-982e-43fe-aa28-0cc5f321517e
5f89a541fc13ae35af0000ad,MH-46-QG-0423,fb46d477-0be6-4765-a813-6b75bf3009dd
5f89a541fc13ae35af0000ae,LD-01-QH-0424,58b63c2c-f8aa-4962-b0fc-35461ccab616
5f89a541fc13ae35af0000af,MH-14-QI-0425,142361d6-495a-46fd-94bf-613a1663aecc
5f89a541fc13ae35af0000b0,BR-44-QJ-0426,10d5ff17-4e6e-4514-90ca-e3627aeb6654
5f89a541fc13ae35af0000b1,GJ-11-QK-0427,53de2195-2057-4e04-81e8-092da9a082bd
5f89a541fc13ae35af0000b2,KL-54-QL-0428,65ca7462-6626-4f66-b7bf-82cdf3b2fece
5f89a541fc13ae35af0000b3,OD-04-QM-0429,bf75b148-ff8a-49e1-9e74-df091e32f4c1
5f89a541fc13ae35af0000b4,WB-12-QN-0430,cac91b9d-e87a-49fb-933a-46536fc53e76
5f89a541fc13ae35af0000b5,GJ-9-QO-0431,0dfc80d0-eb55-4724-92ff-05f2c36107cb
5f89a541fc13ae35af0000b6,AS-26-QP-0432,ad84afc9-9f5e-4a21-824e-db6d3692946b
5f89a541fc13ae35af0000b7,PB-13-QQ-0433,d67e1708-9453-4917-b88a-f603acb764c5
5f89a541fc13ae35af0000b8,TN-66-QR-0434,567c2297-ffda-48c8-b070-56b112121b90
5f89a541fc13ae35af0000b9,KA-48-QS-0435,fe216e97-322c-401d-829a-9fa1e2d1b204
5f89a541fc13ae35af0000ba,AS-22-QT-0436,bfd527d7-6c28-42b6-862c-a951299dbaa9
5f89a541fc13ae35af0000bb,RJ-10-QU-0437,313c2738-00d9-4790-82d3-96fa3361cce3
5f89a541fc13ae35af0000bc,PB-28-QV-0438,f7011b73-9db4-4a26-8a02-8af245b462a1
5f89a541fc13ae35af0000bd,CG-21-QW-0439,fae58580-5860-4c07-8bb4-4c1b41d333ce
5f89a541fc13ae35af0000be,MH-05-QX-0440,4da36cf6-394a-4eaf-b584-fd3c12fd5766
5f89a541fc13ae35af0000bf,AS-18-QY-0441,6219f003-0b17-4cb1-9d9f-d1f47b637115
5f89a541fc13ae35af0000c0,GA-09-QZ-0442,b94036eb-ee87-43ef-bab7-12c7cd4277b6
5f89a541fc13ae35af0000c1,HR-35-RA-0443,3255e39c-6100-438b-9853-42bf20381615
5f89a541fc13ae35af0000c2,BR-52-RB-0444,7b2befbf-7a9e-4443-b777-6f905efd6b8b
5f89a541fc13ae35af0000c3,HR-18-RC-0445,6b605393-0963-41aa-b84f-1fe2f0a3733f
5f89a541fc13ae35af0000c4,RJ-08-RD-0446,49867318-a800-4069-937a-19531628b382
5f89a541fc13ae35af0000c5,JH-17-RE-0447,3dd28459-ee44-4399-b8e6-4f4fbb0d2b3a
5f89a541fc13ae35af0000c6,MP-08-RF-0448,c6343d1c-c1b6-4509-bcf8-db709a7b2888
5f89a541fc13ae35af0000c7,KL-32-RG-0449,45383115-82c7-42b5-b1f1-bd73a4f65f1b
5f89a541fc13ae35af0000c8,KL-02-RH-0450,f343f69c-a720-4f62-9067-1ae770eae82a
5f89a541fc13ae35af0000c9,TR-02-RI-0451,1cbbfeb0-bb5f-4bed-b2b4-3c4bd7624153
5f89a541fc13ae35af0000ca,AP-12-RJ-0452,20dcc337-f7c7-45b1-8db2-4e8ee5831c5c
5f89a541fc13ae35af0000cb,UA-06-RK-0453,4299c8cc-24eb-4582-ad7a-9df065112432
5f89a541fc13ae35af0000cc,MH-52-RL-0454,431ae9c9-0512-46d0-9ff1-f4a650e172fd
5f89a541fc13ae35af0000cd,HR-70-RM-0455,454edf3e-b139-48da-91ee-f34b4f01ad59
5f89a541fc13ae35af0000ce,WB-01-RN-0456,b41dcb63-0457-4d99-8058-0c0fb2df505f
5f89a541fc13ae35af0000cf,PB-37-RO-0457,a96193c5-cd32-460a-9b77-10973655d67a
5f89a541fc13ae35af0000d0,UP-81-RP-0458,6597444e-ecd5-4309-a820-547f19ec1973
5f89a541fc13ae35af0000d1,ML-02-RQ-0459,68fad101-dd2d-4b75-ac00-29c2a1794d82
5f89a541fc13ae35af0000d2,WB-30-RR-0460,1f10d837-0165-48d4-b69f-83b8b2c0b168
5f89a541fc13ae35af0000d3,HP-45-RS-0461,7054d7bd-43dd-47e4-a498-aa21682cbd97
5f89a541fc13ae35af0000d4,KA-06-RT-0462,e4198904-848a-49a3-9861-bc35024dc579
5f89a541fc13ae35af0000d5,TN-55-RU-0463,9a7afddf-7f42-4f9c-b479-6187d6a2de1b
5f89a541fc13ae35af0000d6,MP-12-RV-0464,7c87b731-d159-4b27-b601-b23dfb83c60c
5f89a541fc13ae35af0000d7,UP-28-RW-0465,6fe951be-5941-48ed-8ae1-451f48f523cb
5f89a541fc13ae35af0000d8,WB-76-RX-0466,84159de7-9245-4a42-9820-b22504c61047
5f89a541fc13ae35af0000d9,PB-49-RY-0467,8e474768-8802-44d8-a7d9-f1d974307f99
5f89a541fc13ae35af0000da,MZ-05-RZ-0468,dd031ae2-ce07-4350-af17-28beed1b80ca
5f89a541fc13ae35af0000db,WB-79-SA-0469,68eaafda-1ed8-4f45-aaa4-263189dba2e4
5f89a541fc13ae35af0000dc,CG-23-SB-0470,684dc81a-1df6-4aa6-954d-3da38a7bb4f9
5f89a541fc13ae35af0000dd,AR-03-SC-0471,32a70982-489c-4755-9807-fa5e10ed69db
5f89a541fc13ae35af0000de,AP-16-SD-0472,f8b2c3f9-9ac7-4841-8bff-5c38846b510c
5f89a541fc13ae35af0000df,KL-40-SE-0473,e820a6fc-e86d-471d-b935-5f01d19ec939
5f89a541fc13ae35af0000e0,WB-30-SF-0474,c63809d0-a14c-4e99-9af3-544ff310b89a
5f89a541fc13ae35af0000e1,PB-74-SG-0475,9b50e9e1-2cde-48dd-873b-5c757ffa71d5
5f89a541fc13ae35af0000e2,BR-33-SH-0476,e8a12b4d-d6a9-4725-8fa8-4464752146c2
5f89a541fc13ae35af0000e3,HP-15-SI-0477,de9a059e-c944-40b8-9e37-5c45095e7f81
5f89a541fc13ae35af0000e4,MN-04-SJ-0478,ac5f3e8d-6637-4183-b2a1-3663896fe406
5f89a541fc13ae35af0000e5,JK-16-SK-0479,17b61a44-c9c1-4e5f-a957-aab608ffb812
5f89a541fc13ae35af0000e6,KA-36-SL-0480,258178f0-b730-4ccc-9fbe-ffa6dede92b4
5f89a541fc13ae35af0000e7,OD-13-SM-0481,d21f94c4-c0a2-4997-b69b-19ecfadccf17
5f89a541fc13ae35af0000e8,UP-61-SN-0482,82ba118e-78c3-423f-88b3-70219fad454a
5f89a541fc13ae35af0000e9,OD-01-SO-0483,02706776-4337-44a5-a158-36ed124ac076
5f89a541fc13ae35af0000ea,GJ-31-SP-0484,abf508d3-6468-479f-9210-802baafb295d
5f89a541fc13ae35af0000eb,MP-12-SQ-0485,57ca9424-5beb-40d1-a3c4-992f65a60f25
5f89a541fc13ae35af0000ec,MZ-05-SR-0486,5a63dc25-7b9d-431b-80ee-7dd07903c85b
5f89a541fc13ae35af0000ed,KL-63-SS-0487,3ffa8e58-7956-4fa6-a383-fdaba2195fdd
5f89a541fc13ae35af0000ee,KA-40-ST-0488,3e605633-0cf5-4a73-9a7c-31ba3e034fab
5f89a541fc13ae35af0000ef,HR-73-SU-0489,52125d96-103c-4218-b088-933ee0d9855c
5f89a541fc13ae35af0000f0,BR-52-SV-0490,0d70960b-bf40-4b85-8bae-beddd57be5c7
5f89a541fc13ae35af0000f1,WB-73-SW-0491,7b1fee3b-b56d-41f8-85d3-f0b65d91aa50
5f89a541fc13ae35af0000f2,GJ-27-SX-0492,eb755a13-8142-49e2-aa1d-a9612cfb8eb0
5f89a541fc13ae35af0000f3,JH-08-SY-0493,b092bd89-6a44-419c-a790-4af51490ec71
5f89a541fc13ae35af0000f4,KA-37-SZ-0494,49039c08-c9f8-4968-b423-8e4f3fecf21f
5f89a541fc13ae35af0000f5,BR-02-TA-0495,11c21285-92f1-42b1-9925-9bfe161da6af
5f89a541fc13ae35af0000f6,JK-04-TB-0496,a6fb6e74-2028-4f88-b0ad-84f09a7b4f3f
5f89a541fc13ae35af0000f7,HR-51-TC-0497,83510976-56b2-4bd2-8b42-8614b323d565
5f89a541fc13ae35af0000f8,UA-10-TD-0498,54fa7d7c-7daf-4ccb-a62f-877aeec5a126
5f89a541fc13ae35af0000f9,MH-56-TE-0499,c351ba05-924d-40f7-bc3b-07aeaf3b5700
5f89a41cfc13ae7ac5000000,GA-06-AA-0001,d7e2b337-c31d-4d87-824c-bda2f0884cfa
5f89a41cfc13ae7ac5000001,UA-03-AB-0002,ef8051be-ec92-4a6a-971f-b31516be2588
5f89a41cfc13ae7ac5000002,UP-75-AC-0003,b0ddb41a-3ef8-4b03-b5ee-90f523c85304
5f89a41cfc13ae7ac5000003,DL-5-AD-0004,0c2949da-571a-4bf2-8a5c-7e3c09a98a5b
5f89a41cfc13ae7ac5000004,TN-05-AE-0005,9c41b15e-4fec-4cde-9b7a-39020c9b973d
5f89a41cfc13ae7ac5000005,GA-03-AF-0006,374a9672-3621-47dd-b6ce-d2815bddfa40
5f89a41cfc13ae7ac5000006,BR-53-AG-0007,d03b812e-38a7-4cec-ab78-3ed5fc630acb
5f89a41cfc13ae7ac5000007,HR-22-AH-0008,f20adce9-b807-4708-aaa3-711c60b9c07f
5f89a41cfc13ae7ac5000008,UP-66-AI-0009,5d3b0d63-fdd7-4ba4-9bbd-c24835eaa71e
5f89a41cfc13ae7ac5000009,AS-15-AJ-0010,c2a1e3a3-cc22-4512-b376-a03fdfcab026
5f89a41cfc13ae7ac500000a,JK-13-AK-0011,55892c50-35af-4e87-bcfc-d333e78f06c9
5f89a41cfc13ae7ac500000b,OD-10-AL-0012,2d393206-9f95-4289-be06-69aeb37b73f6
5f89a41cfc13ae7ac500000c,RJ-39-AM-0013,526c1969-1b01-48a2-a742-33f2369ecfd6
5f89a41cfc13ae7ac500000d,MP-26-AN-0014,faf20f32-118b-49dd-af66-e4d8d72eca32
5f89a41cfc13ae7ac500000e,HP-16-AO-0015,3ebcdb52-a2e3-4e1f-b31d-79c3bcd638fa
5f89a41cfc13ae7ac500000f,HR-09-AP-0016,6ae88603-3f63-49ef-9142-a464cf1015de
5f89a41cfc13ae7ac5000010,MH-56-AQ-0017,249e409f-4826-4b35-a636-6d7f255489d6
5f89a41cfc13ae7ac5000011,HR-33-AR-0018,80e18862-e3c4-4f45-a405-cf737a5ac4d4
5f89a41cfc13ae7ac5000012,MH-55-AS-0019,d41127a2-514a-4d8e-a68b-8b26a64c9e86
5f89a41cfc13ae7ac5000013,KL-19-AT-0020,86ad1333-5921-47e4-8ea9-a6de9e781cde
5f89a41cfc13ae7ac5000014,UP-46-AU-0021,04fb7d0c-b2a0-4b6b-8162-1b20d8023bb9
5f89a41cfc13ae7ac5000015,HP-17-AV-0022,e922f024-f2c9-417f-8aad-29a3807378c3
5f89a41cfc13ae7ac5000016,UP-56-AW-0023,e790822c-d24a-4be1-b2ea-cc2f29ba922f
5f89a41cfc13ae7ac5000017,HR-64-AX-0024,cd871ba0-916a-44a5-a1f8-d809649eb28b
5f89a41cfc13ae7ac5000018,HR-52-AY-0025,896289cb-0381-4720-bb0e-3a73a1581ab9
5f89a41cfc13ae7ac5000019,KL-55-AZ-0026,965539ef-5eed-4955-bbd5-ac17915eff74
5f89a41cfc13ae7ac500001a,HP-63-BA-0027,c83e66aa-0bcf-47bd-9408-6cfe437b5b6d
5f89a41cfc13ae7ac500001b,UP-80-BB-0028,35527f09-abb6-4b15-9213-8206a40b118f
5f89a41cfc13ae7ac500001c,MP-66-BC-0029,5738b4b0-b26d-4454-8300-1fe4a43e8886
5f89a41cfc13ae7ac500001d,MH-08-BD-0030,52d52b6c-ed9a-44f7-9872-1816b4d9009e
5f89a41cfc13ae7ac500001e,KL-60-BE-0031,df20c08e-4cb9-4fb9-b68c-683c05b4b999
5f89a41cfc13ae7ac500001f,HP-38-BF-0032,bc65ef80-35c4-4a37-b7cb-6657b7f69495
5f89a41cfc13ae7ac5000020,AR-13-BG-0033,1358315a-96e9-4c15-9707-569df77d1fa8
5f89a41cfc13ae7ac5000021,CG-15-BH-0034,13477b02-102e-4ef4-bda4-57ab742df3a2
5f89a41cfc13ae7ac5000022,HR-49-BI-0035,d573af73-1e5c-4104-ad3f-c75a1bcef28e
5f89a41cfc13ae7ac5000023,KL-04-BJ-0036,76705dd7-1fd6-4f3d-af85-0ab14902476c
5f89a41cfc13ae7ac5000024,MH-19-BK-0037,48e88df1-8f12-4131-8c7e-fe2274c9318f
5f89a41cfc13ae7ac5000025,PY-02-BL-0038,d3bce65b-f502-4bc5-8746-e0c84af56b5d
5f89a41cfc13ae7ac5000026,KL-64-BM-0039,54bfc2e3-58f4-4f00-8f75-97a18521ce1b
5f89a41cfc13ae7ac5000027,WB-54-BN-0040,dcae78fd-2c94-40a1-98d8-af7e012bc2a3
5f89a41cfc13ae7ac5000028,WB-78-BO-0041,a6b3d3df-4aab-41b6-a46a-329f54ce4ffe
5f89a41cfc13ae7ac5000029,TN-76-BP-0042,dc6582cf-6e74-4b7c-894c-f9dc04ee4283
5f89a41cfc13ae7ac500002a,TN-38-BQ-0043,1510b16b-4096-4413-a535-dd36601a0d85
5f89a41cfc13ae7ac500002b,TN-55-BR-0044,5799ce2b-8491-4175-8774-9605ec8363c9
5f89a41cfc13ae7ac500002c,PB-60-BS-0045,b3433dae-2046-42aa-9160-2503975b8939
5f89a41cfc13ae7ac500002d,OD-19-BT-0046,d906f17e-c38f-411e-99e7-58e7fa2de7aa
5f89a41cfc13ae7ac500002e,AP-26-BU-0047,5b7b72e8-1ab7-4d83-a9dd-b35f885c623b
5f89a41cfc13ae7ac500002f,RJ-35-BV-0048,d31ac5c6-4697-459b-8db8-1850da949d9c
5f89a41cfc13ae7ac5000030,HR-44-BW-0049,16844ada-0d08-4f0a-af06-c4e44dbc0b3d
5f89a41cfc13ae7ac5000031,HR-86-BX-0050,cc476338-c0df-4b28-8f4f-f560e7aa729b
5f89a41cfc13ae7ac5000032,WB-56-BY-0051,28c4a445-9d08-4909-9176-e8eaa12747ca
5f89a41cfc13ae7ac5000033,MH-31-BZ-0052,ebbe08f1-6003-4603-a04b-9f8f1f4849a8
5f89a41cfc13ae7ac5000034,HR-42-CA-0053,f1b223fb-3764-4ee8-8923-d308076c059f
5f89a41cfc13ae7ac5000035,UP-92-CB-0054,addc86c3-b552-4f7c-9be5-6a9536823024
5f89a41cfc13ae7ac5000036,MH-11-CC-0055,56f2038f-035a-43e2-8d02-0425fc36b390
5f89a41cfc13ae7ac5000037,UP-23-CD-0056,a586af04-723a-474e-9a76-a3a0a12b32b2
5f89a41cfc13ae7ac5000038,JK-10-CE-0057,cc3f2ff7-833e-4aea-8175-50b796a6221d
5f89a41cfc13ae7ac5000039,KL-09-CF-0058,57fb45d6-b2f2-4023-bf46-ff5eaef84301
5f89a41cfc13ae7ac500003a,CG-05-CG-0059,e21d3561-250c-488d-9126-a0757f47525c
5f89a41cfc13ae7ac500003b,CG-17-CH-0060,76db7f86-a5b6-4585-ab44-c51aa30ece1f
5f89a41cfc13ae7ac500003c,KL-42-CI-0061,eba73068-9412-4be3-8e74-7a4e248b5247
5f89a41cfc13ae7ac500003d,HR-60-CJ-0062,9924bfa6-043f-4ad9-a709-a04f322c35d2
5f89a41cfc13ae7ac500003e,MP-65-CK-0063,f7939070-77d1-4ea7-a152-78d6f8c15ea9
5f89a41cfc13ae7ac500003f,KL-08-CL-0064,d4ac4b24-4d6f-4462-a524-5413e53b0898
5f89a41cfc13ae7ac5000040,KA-19-CM-0065,00d879ed-ce14-4927-b3d6-266b3e439a90
5f89a41cfc13ae7ac5000041,HR-23-CN-0066,574e8593-a473-43f2-a618-a7012ffd58fc
5f89a41cfc13ae7ac5000042,UP-40-CO-0067,a2dc905d-8494-49f2-bcf5-def4fc3b40a0
5f89a41cfc13ae7ac5000043,DL-12-CP-0068,84316bad-b068-48b9-91b2-99505c2b0b40
5f89a41cfc13ae7ac5000044,HP-53-CQ-0069,5fe3f14e-f0f7-4c40-bb37-746fe8fe1b72
5f89a41cfc13ae7ac5000045,CG-11-CR-0070,e314f99a-6056-4d45-ae85-009a1ce549dd
5f89a41cfc13ae7ac5000046,DL-1-CS-0071,4d602529-14b7-4726-8123-a69d175cd726
5f89a41cfc13ae7ac5000047,AS-19-CT-0072,13338d57-f74c-49c3-82de-53a0aac4399d
5f89a41cfc13ae7ac5000048,KA-21-CU-0073,bcd1fe39-82bc-46ce-9014-d7ff6581a9ab
5f89a41cfc13ae7ac5000049,MP-08-CV-0074,def20aed-129c-410a-9c08-679d1b3572bb
5f89a41cfc13ae7ac500004a,MH-47-CW-0075,6e8d26fc-5552-4e7b-86ce-95c3c86f73ca
5f89a41cfc13ae7ac500004b,MZ-01-CX-0076,8084a064-dd4f-4ceb-bc42-69b761d7c112
5f89a41cfc13ae7ac500004c,RJ-45-CY-0077,3b511e1c-4aea-4a8d-8b95-767fd344a0c4
5f89a41cfc13ae7ac500004d,PB-63-CZ-0078,8b7ff2f4-3af6-485b-94f8-0045b50110f2
5f89a41cfc13ae7ac500004e,BR-38-DA-0079,e1a96a48-083a-43ec-bf0b-2d10b73ab99a
5f89a41cfc13ae7ac500004f,TN-34-DB-0080,a2ce2b27-1f36-468a-8cbe-3667b12e87d4
5f89a41cfc13ae7ac5000050,KL-68-DC-0081,d1279d21-004a-4b47-af40-14655aa7cad5
5f89a41cfc13ae7ac5000051,HR-86-DD-0082,ceb3c416-e9f5-405a-9d78-0be4bf2b4fda
5f89a41cfc13ae7ac5000052,KL-47-DE-0083,1d21a46a-3f7b-4670-b73d-c0c7780614b4
5f89a41cfc13ae7ac5000053,HR-55-DF-0084,58413750-fa0c-40e5-9ffc-6b7b53205a00
5f89a41cfc13ae7ac5000054,NL-08-DG-0085,7b646eee-5830-489e-bcb9-4a6c7223859c
5f89a41cfc13ae7ac5000055,HP-12-DH-0086,61a279e8-a76c-478e-b44c-6df037a1e4b5
5f89a41cfc13ae7ac5000056,MH-12-DI-0087,bc4f36cf-f5b9-4431-a1a0-da168921adb6
5f89a41cfc13ae7ac5000057,RJ-18-DJ-0088,a8e8f042-5e81-4ed1-b0be-80079d8feffd
5f89a41cfc13ae7ac5000058,KL-44-DK-0089,9694ea2c-d53c-479b-903f-ea364eb7b203
5f89a41cfc13ae7ac5000059,TN-76-DL-0090,d1649ff8-3b89-48f8-b847-092d4033b0ea
5f89a41cfc13ae7ac500005a,PB-38-DM-0091,b81ce9bb-532e-4adc-82aa-ac1cda5f5eed
5f89a41cfc13ae7ac500005b,RJ-44-DN-0092,caad76f9-0612-4d3c-954d-03e0fe6bddb4
5f89a41cfc13ae7ac500005c,OD-29-DO-0093,c068d4d5-e93f-4706-b6a7-b7ab0e6c6879
5f89a41cfc13ae7ac500005d,BR-44-DP-0094,e273cb7a-d61a-4b06-a2c8-bdb29dd8dd12
5f89a41cfc13ae7ac500005e,JK-22-DQ-0095,fba45f37-7718-4e28-8c88-6652774b8c00
5f89a41cfc13ae7ac500005f,HR-54-DR-0096,e77fbffc-3010-4fb1-b198-86626223855b
5f89a41cfc13ae7ac5000060,RJ-46-DS-0097,0b64840a-cad9-4ae3-9155-eb4382f8c773
5f89a41cfc13ae7ac5000061,MP-68-DT-0098,a3906540-ab18-4076-ab14-f50252a88f2d
5f89a41cfc13ae7ac5000062,GJ-2-DU-0099,ded17364-7795-48d7-9a59-73107f924075
5f89a41cfc13ae7ac5000063,AS-02-DV-0100,6b8988ea-a4c0-411a-b713-831e8e050654
5f89a41cfc13ae7ac5000064,HP-50-DW-0101,a71a9d2d-eccd-441e-9505-13063514dbf3
5f89a41cfc13ae7ac5000065,HP-40-DX-0102,4d3f3cf5-7643-4c18-968f-56692c429d0b
5f89a41cfc13ae7ac5000066,RJ-04-DY-0103,6de4910e-e47c-4e8b-b5ae-bace9e820fbf
5f89a41cfc13ae7ac5000067,AP-37-DZ-0104,e8216ea0-b9cf-4f57-9af5-9db870cc98bc
5f89a41cfc13ae7ac5000068,MH-51-EA-0105,4e3c19ca-e61e-4015-bb71-6fb14748fad6
5f89a41cfc13ae7ac5000069,MH-27-EB-0106,c13c3f04-5ac8-41c5-abe4-8a5d6929e4f9
5f89a41cfc13ae7ac500006a,KL-61-EC-0107,284df3a7-ef1e-4be2-99a3-3c92037ee33f
5f89a41cfc13ae7ac500006b,WB-33-ED-0108,38fbed28-a7eb-4af3-afbe-2670ef5283aa
5f89a41cfc13ae7ac500006c,DL-8-EE-0109,887851c5-a865-4180-bf8d-cb805f96bdb6
5f89a41cfc13ae7ac500006d,UP-28-EF-0110,3f21bc3e-a7f8-4fe5-8a2d-76dff9d87c90
5f89a41cfc13ae7ac500006e,HR-80-EG-0111,06c69e35-ea7b-4570-94e6-fff9ecece0e6
5f89a41cfc13ae7ac500006f,PB-19-EH-0112,1ec2824b-47c1-4a40-9ba8-7e69ce13737f
5f89a41cfc13ae7ac5000070,CG-13-EI-0113,5f75f932-4879-41b5-9929-da37b24fc580
5f89a41cfc13ae7ac5000071,KA-08-EJ-0114,995742de-d170-4ec8-82a9-807f36ff6cc7
5f89a41cfc13ae7ac5000072,AR-11-EK-0115,44f03dcb-9f87-490b-a895-965eb77d5404
5f89a41cfc13ae7ac5000073,UA-09-EL-0116,ddedb2aa-dba1-450a-a56d-f78e7ab159d7
5f89a41cfc13ae7ac5000074,GJ-20-EM-0117,aa314703-eef4-4263-9bdc-8f8bc02e2e83
5f89a41cfc13ae7ac5000075,PB-13-EN-0118,cb1100b8-8bc3-4ad8-a3ec-67d242c7a108
5f89a41cfc13ae7ac5000076,NL-04-EO-0119,da39f1aa-0bf0-48ff-8040-80381ac5c0b3
5f89a41cfc13ae7ac5000077,ML-09-EP-0120,53fb711c-4d57-42c7-85f9-64cda7d54af2
5f89a41cfc13ae7ac5000078,JH-22-EQ-0121,a6a3db9e-8a63-4229-a305-9a4fbf3758c0
5f89a41cfc13ae7ac5000079,UP-22-ER-0122,841ad85b-84f8-4407-8c91-e92d5eef14c5
5f89a41cfc13ae7ac500007a,HR-65-ES-0123,32fbae63-f319-4b78-ba3b-373aa143b04d
5f89a41cfc13ae7ac500007b,HP-47-ET-0124,658ec482-e7ab-4662-9442-a8a77efb4afd
5f89a41cfc13ae7ac500007c,JK-20-EU-0125,894cc301-44cb-40bc-98ed-abf97c208fe4
5f89a41cfc13ae7ac500007d,HP-34-EV-0126,c093fffe-c030-4bef-8cf7-72a400e0b0ba
5f89a41cfc13ae7ac500007e,OD-30-EW-0127,1e2a6abf-2a19-495b-9fd7-3e9e22f7e21e
5f89a41cfc13ae7ac500007f,KA-05-EX-0128,fe680f18-da57-4795-9f31-c5f04db77f11
5f89a41cfc13ae7ac5000080,RJ-14-EY-0129,4d9eb958-8d96-4590-850b-c8378aa23241
5f89a41cfc13ae7ac5000081,JH-01-EZ-0130,3569b003-012a-4197-a703-aa18a49c9428
5f89a41cfc13ae7ac5000082,RJ-10-FA-0131,c067c2c8-bc93-49e8-b76c-c56140f9ba83
5f89a41cfc13ae7ac5000083,WB-34-FB-0132,2ed86800-78d6-4f96-ab9b-62f1f8d2e1c4
5f89a41cfc13ae7ac5000084,JK-03-FC-0133,287628f9-89a5-4207-9de3-34242521d18c
5f89a41cfc13ae7ac5000085,AS-01-FD-0134,414836de-9640-4779-a573-53558fe5797d
5f89a41cfc13ae7ac5000086,TN-77-FE-0135,2552ea24-1d69-4775-8787-d877163b86c2
5f89a41cfc13ae7ac5000087,KA-43-FF-0136,0c7c5f04-c44b-4d73-a303-768e1f060cb1
5f89a41cfc13ae7ac5000088,UP-58-FG-0137,2f331dc1-2b30-4a55-a98d-a73fe79e8229
5f89a41cfc13ae7ac5000089,TN-68-FH-0138,4367b63e-59a3-4306-b733-e5c67cfb52da
5f89a41cfc13ae7ac500008a,UP-37-FI-0139,38212ca5-7ad4-4c02-a62c-8ac2f6098927
5f89a41cfc13ae7ac500008b,AS-22-FJ-0140,a989595e-1622-46d9-b6dc-923da7a66b89
5f89a41cfc13ae7ac500008c,HR-70-FK-0141,6bd464c2-cb6e-45a8-9d10-0960fdb535fc
5f89a41cfc13ae7ac500008d,PB-54-FL-0142,6206ed3c-9e19-4553-b0b6-e6f09038e9d8
5f89a41cfc13ae7ac500008e,KL-52-FM-0143,f1ece095-632f-493f-98eb-eaafb3109d73
5f89a41cfc13ae7ac500008f,NL-05-FN-0144,7f53a1aa-468b-46c3-825c-a0c7ae2ea458
5f89a41cfc13ae7ac5000090,WB-06-FO-0145,710f95d7-bb3a-46c8-b2cd-c1762ddf0426
5f89a41cfc13ae7ac5000091,RJ-20-FP-0146,741e1ca1-7134-4c24-9112-330bcde1afb4
5f89a41cfc13ae7ac5000092,GA-07-FQ-0147,dcbe20aa-2b2c-4f4c-9343-291996593943
5f89a41cfc13ae7ac5000093,KL-49-FR-0148,af1c9fd7-6371-4c15-a853-65a0b1bd3bc1
5f89a41cfc13ae7ac5000094,MH-37-FS-0149,9f74693a-1bc0-4c15-bb3a-4cab19576ce7
5f89a41cfc13ae7ac5000095,AP-03-FT-0150,470bb941-e996-46e5-99a8-942f1d0c9905
5f89a41cfc13ae7ac5000096,WB-69-FU-0151,8f945675-8131-4c55-b70b-ddc8fdd0adcb
5f89a41cfc13ae7ac5000097,UP-24-FV-0152,db613646-90fa-4084-b752-61103f48b840
5f89a41cfc13ae7ac5000098,CG-01-FW-0153,156063df-630c-4716-becb-8d84cbc9837e
5f89a41cfc13ae7ac5000099,MP-04-FX-0154,83ef1360-4917-493c-a75f-c0165badb132
5f89a41cfc13ae7ac500009a,TR-01-FY-0155,d5d031bd-0f43-4440-8d2c-ee7a272a756a
5f89a41cfc13ae7ac500009b,KA-31-FZ-0156,84e7fa0b-bf94-4785-8d2d-770ab304fc1a
5f89a41cfc13ae7ac500009c,KL-37-GA-0157,b3d711f2-22e8-44ac-9663-ec5bcd4465c5
5f89a41cfc13ae7ac500009d,HR-39-GB-0158,5b70c534-4d63-4a5d-a87b-a1a2e8724eaa
5f89a41cfc13ae7ac500009e,UP-23-GC-0159,feafbcb0-a975-4d29-95cc-0bb34032a6eb
5f89a41cfc13ae7ac500009f,JK-18-GD-0160,5a901bfa-dba4-404d-8b3d-2502a75951ce
5f89a41cfc13ae7ac50000a0,MH-25-GE-0161,23b91ee2-b190-4e93-a3ed-6d5131a3ba30
5f89a41cfc13ae7ac50000a1,MP-65-GF-0162,be156586-1b4e-480b-a30f-7224b74c3264
5f89a41cfc13ae7ac50000a2,GJ-21-GG-0163,73c8017d-6640-4414-acae-c56e5e1d5a36
5f89a41cfc13ae7ac50000a3,MH-10-GH-0164,80069140-dd65-45db-a3ad-8992942dc4a4
5f89a41cfc13ae7ac50000a4,RJ-43-GI-0165,7925afc9-a1d4-4b72-8cb3-394102fc1f8e
5f89a41cfc13ae7ac50000a5,WB-62-GJ-0166,509e20b3-fb3c-4b56-8923-42d1c6bf7ba0
5f89a41cfc13ae7ac50000a6,WB-39-GK-0167,b32fb6fe-0fa5-4042-b337-737b2e130330
5f89a41cfc13ae7ac50000a7,HR-11-GL-0168,8cebc4b8-4461-474b-b504-e2083d70580c
5f89a41cfc13ae7ac50000a8,PB-20-GM-0169,d45ca5d3-36ca-4540-b9b4-315a448cd363
5f89a41cfc13ae7ac50000a9,HP-65-GN-0170,2eddf2f5-7f23-4d77-8455-1ee781cd86cc
5f89a41cfc13ae7ac50000aa,AS-23-GO-0171,d5e20a62-a088-4dc6-8669-98067594f837
5f89a41cfc13ae7ac50000ab,PB-17-GP-0172,3a29fe1f-f1e8-4f55-9955-f326f604dac8
5f89a41cfc13ae7ac50000ac,AS-24-GQ-0173,c96b80e8-21ef-41b2-8347-9cb706ae310b
5f89a41cfc13ae7ac50000ad,KA-23-GR-0174,2922424d-d9e2-4f94-b998-91a582aa5459
5f89a41cfc13ae7ac50000ae,JH-22-GS-0175,7ef2b9c1-3de8-4e4e-b0b6-75f01ccfd97c
5f89a41cfc13ae7ac50000af,UP-52-GT-0176,31e74736-e76d-4d0d-8a9b-cfde1db528d0
5f89a41cfc13ae7ac50000b0,KA-29-GU-0177,805515cc-581c-44a9-8d7d-1b67f66c1c08
5f89a41cfc13ae7ac50000b1,HP-67-GV-0178,66156177-36f2-46c1-a205-1cf5d9e4a023
5f89a41cfc13ae7ac50000b2,MH-39-GW-0179,0211eeed-5a11-41e0-afc5-7796593ec049
5f89a41cfc13ae7ac50000b3,HR-57-GX-0180,673787ad-60e1-40d2-aae8-689de261c49b
5f89a41cfc13ae7ac50000b4,PB-51-GY-0181,74a6a5fa-530c-4626-9929-ed1666b0a855
5f89a41cfc13ae7ac50000b5,HR-50-GZ-0182,85d95c35-2093-482c-8a94-d9f6871bcb40
5f89a41cfc13ae7ac50000b6,JK-01-HA-0183,d682effe-805f-499a-8a8d-63ebd824eb2d
5f89a41cfc13ae7ac50000b7,UP-31-HB-0184,1df44926-0ae5-4821-afd4-14f666d7ce71
5f89a41cfc13ae7ac50000b8,CH-04-HC-0185,f2b3d806-f651-4abc-808a-7e143a35b840
5f89a41cfc13ae7ac50000b9,TN-12-HD-0186,1a71a223-7d8c-48f8-bd9f-a259cbad30c0
5f89a41cfc13ae7ac50000ba,RJ-03-HE-0187,310a1b7e-3507-4a81-8791-7a6673f71af0
5f89a41cfc13ae7ac50000bb,HP-67-HF-0188,52239d1f-b17e-4156-bb2e-a4868291fe44
5f89a41cfc13ae7ac50000bc,MH-50-HG-0189,f90e8e57-aaf5-4151-ad3b-c192527064c8
5f89a41dfc13ae7ac50000bd,HR-62-HH-0190,f7c0f838-82b2-443d-ab59-f04c980fbc5b
5f89a41dfc13ae7ac50000be,GA-08-HI-0191,212b1959-bc3d-4657-bdee-d5c066b12040
5f89a41dfc13ae7ac50000bf,JH-09-HJ-0192,4224b390-e325-4aa5-8386-2530a48db5ee
5f89a41dfc13ae7ac50000c0,AR-03-HK-0193,480a5977-aa84-4f3d-bdc6-8ff6730a5883
5f89a41dfc13ae7ac50000c1,HP-05-HL-0194,b5cde4b8-e1ec-41f3-bd93-c5eaf943255c
5f89a41dfc13ae7ac50000c2,NL-05-HM-0195,f6a488b1-8704-4e0b-8e25-689885d8bbe4
5f89a41dfc13ae7ac50000c3,WB-79-HN-0196,600262f8-9865-4ad8-b693-c345f513f136
5f89a41dfc13ae7ac50000c4,BR-43-HO-0197,1b20eb60-61b6-4ea9-bd12-9c67dd7fd2ad
5f89a41dfc13ae7ac50000c5,MP-54-HP-0198,d402dbc9-1c7c-4bb7-ac21-56808b5caf11
5f89a41dfc13ae7ac50000c6,AR-01-HQ-0199,a7dec944-df08-45cf-8370-afdebaebb018
5f89a41dfc13ae7ac50000c7,TN-79-HR-0200,1761620d-ddac-4852-aa1a-0396f9e064e1
5f89a41dfc13ae7ac50000c8,AP-23-HS-0201,7f6bd425-7df6-457f-b2e7-354b3cda3e76
5f89a41dfc13ae7ac50000c9,AN-02-HT-0202,39aced45-6b5b-4587-82af-60bde0aff15b
5f89a41dfc13ae7ac50000ca,HR-46-HU-0203,13ba5378-ed8f-4115-87ab-9e3a4d405ee8
5f89a41dfc13ae7ac50000cb,NL-03-HV-0204,4197d6cf-1533-45c7-b1c7-26a74b418c13
5f89a41dfc13ae7ac50000cc,KA-45-HW-0205,8e16a154-138c-4bae-a9eb-00051765d606
5f89a41dfc13ae7ac50000cd,TR-01-HX-0206,ffdbc897-6ab8-4479-bedd-3e2d413f929e
5f89a41dfc13ae7ac50000ce,JK-04-HY-0207,b0e52b7c-b52e-450c-8b52-213f9c7e60e8
5f89a41dfc13ae7ac50000cf,WB-29-HZ-0208,e889240f-165e-4dbf-91c8-4d4d29580333
5f89a41dfc13ae7ac50000d0,PB-75-IA-0209,33071620-11d4-46af-8bbc-2f98c5605dd4
5f89a41dfc13ae7ac50000d1,NL-01-IB-0210,153738a5-71b6-419d-8a82-9cf873e694e5
5f89a41dfc13ae7ac50000d2,HP-21-IC-0211,538db48b-a443-45e3-9ce7-4232289b2303
5f89a41dfc13ae7ac50000d3,MP-25-ID-0212,0e4e25c5-ee3b-4e95-8672-e431adcbb1d5
5f89a41dfc13ae7ac50000d4,HP-06-IE-0213,1bbf757c-d986-43d4-9a69-67b5f9618854
5f89a41dfc13ae7ac50000d5,BR-08-IF-0214,87a32147-841f-45ca-85bb-d20fc5d23edd
5f89a41dfc13ae7ac50000d6,RJ-06-IG-0215,50024f71-bc42-4353-8198-136251cb86bf
5f89a41dfc13ae7ac50000d7,HP-05-IH-0216,3056b1d1-f635-4903-8c00-ccf5860498ee
5f89a41dfc13ae7ac50000d8,HR-80-II-0217,f3e7b00e-e914-461f-969b-f5088f4b2ec4
5f89a41dfc13ae7ac50000d9,HR-63-IJ-0218,1350fe77-5fb4-4bc0-8153-67fada6d8932
5f89a41dfc13ae7ac50000da,WB-34-IK-0219,f9b52a6f-789d-4444-8793-5c8cf7dd24ea
5f89a41dfc13ae7ac50000db,JK-04-IL-0220,fa36af88-3575-41b1-8d61-febab2c00baa
5f89a41dfc13ae7ac50000dc,HP-19-IM-0221,02f51e2a-84b8-4528-9ff0-533303dda718
5f89a41dfc13ae7ac50000dd,BR-09-IN-0222,0ecf07cb-4fe5-4e25-9991-75d9f4f28a71
5f89a41dfc13ae7ac50000de,AS-22-IO-0223,aec4fc57-3a1c-4049-ae26-7a7579851bed
5f89a41dfc13ae7ac50000df,BR-43-IP-0224,383aa2d7-499a-4038-9087-363073041334
5f89a41dfc13ae7ac50000e0,GJ-15-IQ-0225,be097ea7-54f4-462b-a990-ceb1aec343e6
5f89a41dfc13ae7ac50000e1,UP-47-IR-0226,20d36e0e-f1f6-4d7e-8825-fda3a2da12a4
5f89a41dfc13ae7ac50000e2,HP-71-IS-0227,b2ad2898-5455-4758-9914-cad4fdc159a2
5f89a41dfc13ae7ac50000e3,MP-49-IT-0228,abac4523-56a1-4774-9c15-0cc61d4f7cd0
5f89a41dfc13ae7ac50000e4,MH-24-IU-0229,34918676-67df-4a0b-9eb1-d2416f927b0b
5f89a41dfc13ae7ac50000e5,OD-05-IV-0230,308b1b04-5e32-4c60-a43d-737fd9486d5c
5f89a41dfc13ae7ac50000e6,BR-32-IW-0231,87f35573-8227-4fe9-8b78-48cfff069b30
5f89a41dfc13ae7ac50000e7,OD-22-IX-0232,7c2c486f-8294-4059-878a-bbf5a3c3ae38
5f89a41dfc13ae7ac50000e8,HP-07-IY-0233,ae2ad089-a8d2-4ef3-a0e4-256e11cea35d
5f89a41dfc13ae7ac50000e9,GJ-28-IZ-0234,d38d5835-5151-480e-b0c7-9acfec6efb3e
5f89a41dfc13ae7ac50000ea,BR-50-JA-0235,56e3ca92-3979-45cd-8827-67909d713030
5f89a41dfc13ae7ac50000eb,LD-09-JB-0236,80ef249d-1cfe-43fc-a254-acb3ac828cf2
5f89a41dfc13ae7ac50000ec,BR-19-JC-0237,74967805-c4f2-4ba3-9850-7002864eba4e
5f89a41dfc13ae7ac50000ed,KA-27-JD-0238,3852fd44-539b-417a-ad46-c951722ac024
5f89a41dfc13ae7ac50000ee,HP-09-JE-0239,e6a19653-77d3-4012-b5b9-138173ea2698
5f89a41dfc13ae7ac50000ef,BR-55-JF-0240,8a11e438-b32f-47bb-9513-dd09984f10cd
5f89a41dfc13ae7ac50000f0,KA-30-JG-0241,797d1d38-7570-4929-b2d7-ce7282e8fd60
5f89a41dfc13ae7ac50000f1,MH-54-JH-0242,592ef3ef-2987-405f-8708-2f3679bb807f
5f89a41dfc13ae7ac50000f2,PB-42-JI-0243,d2c577b7-9ea9-4139-91ba-eed10ab1b102
5f89a41dfc13ae7ac50000f3,UA-11-JJ-0244,776d9183-b0cd-4d99-b1d0-7da9b8b9f33d
5f89a41dfc13ae7ac50000f4,JK-04-JK-0245,a0d8e27c-ac6c-4d3b-927c-884873af6967
5f89a41dfc13ae7ac50000f5,HP-72-JL-0246,23a03b26-a9e8-494e-8979-69251664dd3e
5f89a41dfc13ae7ac50000f6,HP-57-JM-0247,df070a7f-1c0b-46d9-b251-174e3ab717da
5f89a41dfc13ae7ac50000f7,WB-13-JN-0248,9400b031-ab78-47f2-80f3-240cdf23b4c2
5f89a41dfc13ae7ac50000f8,MH-54-JO-0249,b37bdb80-0e28-49e1-9424-3096eb1c3b92
5f89a41dfc13ae7ac50000f9,ML-05-TF-0500,99b290b2-a2b2-4b1f-b33e-4fe5bdb71f06
,,
,,
,,
,,
,,
,,
,,
,,
,,
,,
,,
,,
,,
,,
,,
,,
,,
,,
,,
,,
,,
,,
,,
,,
,,
,,
,,
,,
,,
,,
,,
,,
,,
,,
,,
,,
,,
,,
,,
,,
,,
,,
,,
,,
,,
,,
,,
,,
,,
,,
,,
,,
,,
,,
,,
,,
,,
,,
,,
,,
,,
,,
,,
,,
,,
,,
,,
,,
,,
,,
,,
,,
,,
,,
,,
,,
,,
,,
,,
,,
,,
,,
,,
,,
,,
,,
,,
,,
,,
,,
,,
,,
,,
,,
,,
,,
,,
,,
,,
,,
,,
,,
,,
,,
,,
,,
,,
,,
,,
,,
,,
,,
,,
,,
,,
,,
,,
,,
,,
,,
,,
,,
,,
,,
,,
,,
,,
,,
,,
,,
,,
,,
,,
,,
,,
,,
,,
,,
,,
,,
,,
,,
,,
,,
,,
,,
,,
,,
,,
,,
,,
,,
,,
,,
,,
,,
,,
,,
,,
,,
,,
,,
,,
,,
,,
,,
,,
,,
,,
,,
,,
,,
,,
,,
,,
,,
,,
,,
,,
,,
,,
,,
,,
,,
,,
,,
,,
,,
,,
,,
,,
,,
,,
,,
,,
,,
,,
,,
,,
,,
,,
,,
,,
,,
,,
,,
,,
,,
,,
,,
,,
,,
,,
,,
,,
,,
,,
,,
,,
,,
,,
,,
,,
,,
,,
,,
,,
,,
,,
,,
,,
,,
,,
,,
,,
,,
,,
,,
,,
,,
,,
,,
,,
,,
,,
,,
,,
,,
,,
,,
,,
,,
,,
,,
,,
,,
,,
,,
,,
,,
,,
,,
,,
,,
,,
,,
,,
,,
,,
,,
,,
,,
,,
,,
,,
,,
,,
,,
,,
,,
,,
,,
,,
,,
,,
,,
,,
,,
,,
,,
,,
,,
,,
,,
,,
,,
,,
,,
,,
,,
,,
,,
,,
,,
,,
,,
,,
,,
,,
,,
,,
,,
,,
,,
,,
,,
,,
,,
,,
,,
,,
,,
,,
,,
,,
,,
,,
,,
,,
,,
,,
,,
,,
,,
,,
,,
,,
,,
,,
,,
,,
,,
,,
,,
,,
,,
,,
,,
,,
,,
,,
,,
,,
,,
,,
,,
,,
,,
,,
,,
,,
,,
,,
,,
,,
,,
,,
,,
,,
,,
,,
,,
,,
,,
,,
,,
,,
,,
,,
,,
,,
,,
,,
,,
,,
,,
,,
,,
,,
,,
,,
,,
,,
,,
,,
,,
,,
,,
,,
,,
,,
,,
,,
,,
,,
,,
,,
,,
,,
,,
,,
,,
,,
,,
,,
,,
,,
,,
,,
,,
,,
,,
,,
,,
,,
,,
,,
,,
,,
,,
,,
,,
,,
,,
,,
,,
,,
,,
,,
,,
,,
,,
,,
,,
,,
,,
,,
,,
,,
,,
,,
,,
,,
,,
,,
,,
,,
,,
,,
,,
,,
,,
,,
,,
,,
,,
,,
,,
,,
,,
,,
,,
,,
,,
,,
,,
,,
,,
,,
,,
,,
,,
,,
,,
,,
,,
,,
,,
,,
,,
,,
,,
,,
,,
,,
,,
,,
,,
