sensor_id,voltage
5f8972c6fc13ae2bb0000898,-2.5
5f8972c6fc13ae2bb0000899,-2.5
5f8972c6fc13ae2bb000089a,-2.5
5f8972c6fc13ae2bb000089b,-2.5
5f8972c6fc13ae2bb000089c,-2.5
5f8972c6fc13ae2bb000089d,-2.5
5f8972c6fc13ae2bb000089e,-2.5
5f8972c6fc13ae2bb000089f,-2.5
5f8972c6fc13ae2bb00008a0,-2.5
5f8972c6fc13ae2bb00008a1,-2.5
5f8972c6fc13ae2bb00008a2,-2.5
5f8972c6fc13ae2bb00008a3,-2.5
5f8972c6fc13ae2bb00008a4,-2.5
5f8972c6fc13ae2bb00008a5,-2.5
5f8972c6fc13ae2bb00008a6,-2.5
5f8972c6fc13ae2bb00008a7,-2.5
5f8972c6fc13ae2bb00008a8,-2.5
5f8972c6fc13ae2bb00008a9,-2.5
5f8972c6fc13ae2bb00008aa,-2.5
5f8972c6fc13ae2bb00008ab,-2.5
5f8972c6fc13ae2bb00008ac,-2.5
5f8972c6fc13ae2bb00008ad,-2.5
5f8972c6fc13ae2bb00008ae,-2.5
5f8972c6fc13ae2bb00008af,-2.5
5f8972c6fc13ae2bb00008b0,-2.5
5f8972c6fc13ae2bb00008b1,-2.5
5f8972c6fc13ae2bb00008b2,-2.5
5f8972c6fc13ae2bb00008b3,-2.5
5f8972c6fc13ae2bb00008b4,-2.5
5f8972c6fc13ae2bb00008b5,-2.5
5f8972c6fc13ae2bb00008b6,-2.5
5f8972c6fc13ae2bb00008b7,-2.5
5f8972c6fc13ae2bb00008b8,-2.5
5f8972c6fc13ae2bb00008b9,-2.5
5f8972c6fc13ae2bb00008ba,-2.5
5f8972c6fc13ae2bb00008bb,-2.5
5f8972c6fc13ae2bb00008bc,-2.5
5f8972c6fc13ae2bb00008bd,-2.5
5f8972c6fc13ae2bb00008be,-2.5
5f8972c6fc13ae2bb00008bf,-2.5
5f8972c6fc13ae2bb00008c0,-2.5
5f8972c6fc13ae2bb00008c1,-2.5
5f8972c6fc13ae2bb00008c2,-2.5
5f8972c6fc13ae2bb00008c3,-2.5
5f8972c6fc13ae2bb00008c4,-2.5
5f8972c6fc13ae2bb00008c5,-2.5
5f8972c6fc13ae2bb00008c6,-2.5
5f8972c6fc13ae2bb00008c7,-2.5
5f8972c6fc13ae2bb00008c8,-2.5
5f8972c6fc13ae2bb00008c9,-2.5
5f8972c6fc13ae2bb00008ca,-2.5
5f8972c6fc13ae2bb00008cb,-2.5
5f8972c6fc13ae2bb00008cc,-2.5
5f8972c6fc13ae2bb00008cd,-2.5
5f8972c6fc13ae2bb00008ce,-2.5
5f8972c6fc13ae2bb00008cf,-2.5
5f8972c6fc13ae2bb00008d0,-2.5
5f8972c6fc13ae2bb00008d1,-2.5
5f8972c6fc13ae2bb00008d2,-2.5
5f8972c6fc13ae2bb00008d3,-2.5
5f8972c6fc13ae2bb00008d4,-2.5
5f8972c6fc13ae2bb00008d5,-2.5
5f8972c6fc13ae2bb00008d6,-2.5
5f8972c6fc13ae2bb00008d7,-2.5
5f8972c6fc13ae2bb00008d8,-2.5
5f8972c6fc13ae2bb00008d9,-2.5
5f8972c6fc13ae2bb00008da,-2.5
5f8972c6fc13ae2bb00008db,-2.5
5f8972c6fc13ae2bb00008dc,-2.5
5f8972c6fc13ae2bb00008dd,-2.5
5f8972c6fc13ae2bb00008de,-2.5
5f8972c6fc13ae2bb00008df,-2.5
5f8972c6fc13ae2bb00008e0,-2.5
5f8972c6fc13ae2bb00008e1,-2.5
5f8972c6fc13ae2bb00008e2,-2.5
5f8972c6fc13ae2bb00008e3,-2.5
5f8972c6fc13ae2bb00008e4,-2.5
5f8972c6fc13ae2bb00008e5,-2.5
5f8972c6fc13ae2bb00008e6,-2.5
5f8972c6fc13ae2bb00008e7,-2.5
5f8972c6fc13ae2bb00008e8,-2.5
5f8972c6fc13ae2bb00008e9,-2.5
5f8972c6fc13ae2bb00008ea,-2.5
5f8972c6fc13ae2bb00008eb,-2.5
5f8972c6fc13ae2bb00008ec,-2.5
5f8972c6fc13ae2bb00008ed,-2.5
5f8972c6fc13ae2bb00008ee,-2.5
5f8972c6fc13ae2bb00008ef,-2.5
5f8972c6fc13ae2bb00008f0,-2.5
5f8972c6fc13ae2bb00008f1,-2.5
5f8972c6fc13ae2bb00008f2,-2.5
5f8972c6fc13ae2bb00008f3,-2.5
5f8972c6fc13ae2bb00008f4,-2.5
5f8972c6fc13ae2bb00008f5,-2.5
5f8972c6fc13ae2bb00008f6,-2.5
5f8972c6fc13ae2bb00008f7,-2.5
5f8972c6fc13ae2bb00008f8,-2.5
5f8972c6fc13ae2bb00008f9,-2.5
5f8972c6fc13ae2bb00008fa,-2.5
5f8972c6fc13ae2bb00008fb,-2.5
5f8972c6fc13ae2bb00008fc,-2.5
5f8972c6fc13ae2bb00008fd,-2.5
5f8972c6fc13ae2bb00008fe,-2.5
5f8972c6fc13ae2bb00008ff,-2.5
5f8972c6fc13ae2bb0000900,-2.5
5f8972c6fc13ae2bb0000901,-2.5
5f8972c6fc13ae2bb0000902,-2.5
5f8972c6fc13ae2bb0000903,-2.5
5f8972c6fc13ae2bb0000904,-2.5
5f8972c6fc13ae2bb0000905,-2.5
5f8972c6fc13ae2bb0000906,-2.5
5f8972c6fc13ae2bb0000907,-2.5
5f8972c6fc13ae2bb0000908,-2.5
5f8972c6fc13ae2bb0000909,-2.5
5f8972c6fc13ae2bb000090a,-2.5
5f8972c6fc13ae2bb000090b,-2.5
5f8972c6fc13ae2bb000090c,-2.5
5f8972c6fc13ae2bb000090d,-2.5
5f8972c6fc13ae2bb000090e,-2.5
5f8972c6fc13ae2bb000090f,-2.5
5f8972c6fc13ae2bb0000910,-2.5
5f8972c6fc13ae2bb0000911,-2.5
5f8972c6fc13ae2bb0000912,-2.5
5f8972c6fc13ae2bb0000913,-2.5
5f8972c6fc13ae2bb0000914,-2.5
5f8972c6fc13ae2bb0000915,-2.5
5f8972c6fc13ae2bb0000916,-2.5
5f8972c6fc13ae2bb0000917,-2.5
5f8972c6fc13ae2bb0000918,-2.5
5f8972c6fc13ae2bb0000919,-2.5
5f8972c6fc13ae2bb000091a,-2.5
5f8972c6fc13ae2bb000091b,-2.5
5f8972c6fc13ae2bb000091c,-2.5
5f8972c6fc13ae2bb000091d,-2.5
5f8972c6fc13ae2bb000091e,-2.5
5f8972c6fc13ae2bb000091f,-2.5
5f8972c6fc13ae2bb0000920,-2.5
5f8972c6fc13ae2bb0000921,-2.5
5f8972c6fc13ae2bb0000922,-2.5
5f8972c6fc13ae2bb0000923,-2.5
5f8972c6fc13ae2bb0000924,-2.5
5f8972c6fc13ae2bb0000925,-2.5
5f8972c6fc13ae2bb0000926,-2.5
5f8972c6fc13ae2bb0000927,-2.5
5f8972c6fc13ae2bb0000928,-2.5
5f8972c6fc13ae2bb0000929,-2.5
5f8972c6fc13ae2bb000092a,-2.5
5f8972c6fc13ae2bb000092b,-2.5
5f8972c6fc13ae2bb000092c,-2.5
5f8972c6fc13ae2bb000092d,-2.5
5f8972c6fc13ae2bb000092e,-2.5
5f8972c6fc13ae2bb000092f,-2.5
5f8972c6fc13ae2bb0000930,-2.5
5f8972c6fc13ae2bb0000931,-2.5
5f8972c6fc13ae2bb0000932,-2.5
5f8972c6fc13ae2bb0000933,-2.5
5f8972c6fc13ae2bb0000934,-2.5
5f8972c6fc13ae2bb0000935,-2.5
5f8972c6fc13ae2bb0000936,-2.5
5f8972c6fc13ae2bb0000937,-2.5
5f8972c6fc13ae2bb0000938,-2.5
5f8972c6fc13ae2bb0000939,-2.5
5f8972c6fc13ae2bb000093a,-2.5
5f8972c6fc13ae2bb000093b,-2.5
5f8972c6fc13ae2bb000093c,-2.5
5f8972c6fc13ae2bb000093d,-2.5
5f8972c6fc13ae2bb000093e,-2.5
5f8972c6fc13ae2bb000093f,-2.5
5f8972c6fc13ae2bb0000940,-2.5
5f8972c6fc13ae2bb0000941,-2.5
5f8972c6fc13ae2bb0000942,-2.5
5f8972c6fc13ae2bb0000943,-2.5
5f8972c6fc13ae2bb0000944,-2.5
5f8972c6fc13ae2bb0000945,-2.5
5f8972c6fc13ae2bb0000946,-2.5
5f8972c6fc13ae2bb0000947,-2.5
5f8972c6fc13ae2bb0000948,-2.5
5f8972c6fc13ae2bb0000949,-2.5
5f8972c6fc13ae2bb000094a,-2.5
5f8972c6fc13ae2bb000094b,-2.5
5f8972c6fc13ae2bb000094c,-2.5
5f8972c6fc13ae2bb000094d,-2.5
5f8972c6fc13ae2bb000094e,-2.5
5f8972c6fc13ae2bb000094f,-2.5
5f8972c6fc13ae2bb0000950,-2.5
5f8972c6fc13ae2bb0000951,-2.5
5f8972c6fc13ae2bb0000952,-2.5
5f8972c6fc13ae2bb0000953,-2.5
5f8972c6fc13ae2bb0000954,-2.5
5f8972c6fc13ae2bb0000955,-2.5
5f8972c6fc13ae2bb0000956,-2.5
5f8972c6fc13ae2bb0000957,-2.5
5f8972c6fc13ae2bb0000958,-2.5
5f8972c6fc13ae2bb0000959,-2.5
5f8972c6fc13ae2bb000095a,-2.5
5f8972c6fc13ae2bb000095b,-2.5
5f8972c6fc13ae2bb000095c,-2.5
5f8972c6fc13ae2bb000095d,-2.5
5f8972c6fc13ae2bb000095e,-2.5
5f8972c6fc13ae2bb000095f,-2.5
5f8972c6fc13ae2bb0000960,-2.5
5f8972c6fc13ae2bb0000961,-2.5
5f8972c6fc13ae2bb0000962,-2.5
5f8972c6fc13ae2bb0000963,-2.5
5f8972c6fc13ae2bb0000964,-2.5
5f8972c6fc13ae2bb0000965,-2.5
5f8972c6fc13ae2bb0000966,-2.5
5f8972c6fc13ae2bb0000967,-2.5
5f8972c6fc13ae2bb0000968,-2.5
5f8972c6fc13ae2bb0000969,-2.5
5f8972c6fc13ae2bb000096a,-2.5
5f8972c6fc13ae2bb000096b,-2.5
5f8972c6fc13ae2bb000096c,-2.5
5f8972c6fc13ae2bb000096d,-2.5
5f8972c6fc13ae2bb000096e,-2.5
5f8972c6fc13ae2bb000096f,-2.5
5f8972c6fc13ae2bb0000970,-2.5
5f8972c6fc13ae2bb0000971,-2.5
5f8972c6fc13ae2bb0000972,-2.5
5f8972c6fc13ae2bb0000973,-2.5
5f8972c6fc13ae2bb0000974,-2.5
5f8972c6fc13ae2bb0000975,-2.5
5f8972c6fc13ae2bb0000976,-2.5
5f8972c6fc13ae2bb0000977,-2.5
5f8972c6fc13ae2bb0000978,-2.5
5f8972c6fc13ae2bb0000979,-2.5
5f8972c6fc13ae2bb000097a,-2.5
5f8972c6fc13ae2bb000097b,-2.5
5f8972c6fc13ae2bb000097c,-2.5
5f8972c6fc13ae2bb000097d,-2.5
5f8972c6fc13ae2bb000097e,-2.5
5f8972c6fc13ae2bb000097f,-2.5
5f8972c6fc13ae2bb0000980,-2.5
5f8972c6fc13ae2bb0000981,-2.5
5f8972c6fc13ae2bb0000982,-2.5
5f8972c6fc13ae2bb0000983,-2.5
5f8972c6fc13ae2bb0000984,-2.5
5f8972c6fc13ae2bb0000985,-2.5
5f8972c6fc13ae2bb0000986,-2.5
5f8972c6fc13ae2bb0000987,-2.5
5f8972c6fc13ae2bb0000988,-2.5
5f8972c6fc13ae2bb0000989,-2.5
5f8972c6fc13ae2bb000098a,-2.5
5f8972c6fc13ae2bb000098b,-2.5
5f8972c6fc13ae2bb000098c,-2.5
5f8972c6fc13ae2bb000098d,-2.5
5f8972c6fc13ae2bb000098e,-2.5
5f8972c6fc13ae2bb000098f,-2.5
5f8972c6fc13ae2bb0000990,-2.5
5f8972c6fc13ae2bb0000991,-2.5
5f8972c6fc13ae2bb0000992,-2.5
5f8972c6fc13ae2bb0000993,-2.5
5f8972c6fc13ae2bb0000994,-2.5
5f8972c6fc13ae2bb0000995,-2.5
5f8972c6fc13ae2bb0000996,-2.5
5f8972c6fc13ae2bb0000997,-2.5
5f8972c6fc13ae2bb0000998,-2.5
5f8972c6fc13ae2bb0000999,-2.5
5f8972c6fc13ae2bb000099a,-2.5
5f8972c6fc13ae2bb000099b,-2.5
5f8972c6fc13ae2bb000099c,-2.5
5f8972c6fc13ae2bb000099d,-2.5
5f8972c6fc13ae2bb000099e,-2.5
5f8972c6fc13ae2bb000099f,-2.5
5f8972c6fc13ae2bb00009a0,-2.5
5f8972c6fc13ae2bb00009a1,-2.5
5f8972c6fc13ae2bb00009a2,-2.5
5f8972c6fc13ae2bb00009a3,-2.5
5f8972c6fc13ae2bb00009a4,-2.5
5f8972c6fc13ae2bb00009a5,-2.5
5f8972c6fc13ae2bb00009a6,-2.5
5f8972c6fc13ae2bb00009a7,-2.5
5f8972c6fc13ae2bb00009a8,-2.5
5f8972c6fc13ae2bb00009a9,-2.5
5f8972c6fc13ae2bb00009aa,-2.5
5f8972c6fc13ae2bb00009ab,-2.5
5f8972c6fc13ae2bb00009ac,-2.5
5f8972c6fc13ae2bb00009ad,-2.5
5f8972c6fc13ae2bb00009ae,-2.5
5f8972c6fc13ae2bb00009af,-2.5
5f8972c6fc13ae2bb00009b0,-2.5
5f8972c6fc13ae2bb00009b1,-2.5
5f8972c6fc13ae2bb00009b2,-2.5
5f8972c6fc13ae2bb00009b3,-2.5
5f8972c6fc13ae2bb00009b4,-2.5
5f8972c6fc13ae2bb00009b5,-2.5
5f8972c6fc13ae2bb00009b6,-2.5
5f8972c6fc13ae2bb00009b7,-2.5
5f8972c6fc13ae2bb00009b8,-2.5
5f8972c6fc13ae2bb00009b9,-2.5
5f8972c6fc13ae2bb00009ba,-2.5
5f8972c6fc13ae2bb00009bb,-2.5
5f8972c6fc13ae2bb00009bc,-2.5
5f8972c6fc13ae2bb00009bd,-2.5
5f8972c6fc13ae2bb00009be,-2.5
5f8972c6fc13ae2bb00009bf,-2.5
5f8972c6fc13ae2bb00009c0,-2.5
5f8972c6fc13ae2bb00009c1,-2.5
5f8972c6fc13ae2bb00009c2,-2.5
5f8972c6fc13ae2bb00009c3,-2.5
5f8972c6fc13ae2bb00009c4,-2.5
5f8972c6fc13ae2bb00009c5,-2.5
5f8972c6fc13ae2bb00009c6,-2.5
5f8972c6fc13ae2bb00009c7,-2.5
5f8972c6fc13ae2bb00009c8,-2.5
5f8972c6fc13ae2bb00009c9,-2.5
5f8972c6fc13ae2bb00009ca,-2.5
5f8972c6fc13ae2bb00009cb,-2.5
5f8972c6fc13ae2bb00009cc,-2.5
5f8972c6fc13ae2bb00009cd,-2.5
5f8972c6fc13ae2bb00009ce,-2.5
5f8972c6fc13ae2bb00009cf,-2.5
5f8972c6fc13ae2bb00009d0,-2.5
5f8972c6fc13ae2bb00009d1,-2.5
5f8972c6fc13ae2bb00009d2,-2.5
5f8972c6fc13ae2bb00009d3,-2.5
5f8972c6fc13ae2bb00009d4,-2.5
5f8972c6fc13ae2bb00009d5,-2.5
5f8972c6fc13ae2bb00009d6,-2.5
5f8972c6fc13ae2bb00009d7,-2.5
5f8972c6fc13ae2bb00009d8,-2.5
5f8972c6fc13ae2bb00009d9,-2.5
5f8972c6fc13ae2bb00009da,-2.5
5f8972c6fc13ae2bb00009db,-2.5
5f8972c6fc13ae2bb00009dc,-2.5
5f8972c6fc13ae2bb00009dd,-2.5
5f8972c6fc13ae2bb00009de,-2.5
5f8972c6fc13ae2bb00009df,-2.5
5f8972c6fc13ae2bb00009e0,-2.5
5f8972c6fc13ae2bb00009e1,-2.5
5f8972c6fc13ae2bb00009e2,-2.5
5f8972c6fc13ae2bb00009e3,-2.5
5f8972c6fc13ae2bb00009e4,-2.5
5f8972c6fc13ae2bb00009e5,-2.5
5f8972c6fc13ae2bb00009e6,-2.5
5f8972c6fc13ae2bb00009e7,-2.5
5f8972c6fc13ae2bb00009e8,-2.5
5f8972c6fc13ae2bb00009e9,-2.5
5f8972c6fc13ae2bb00009ea,-2.5
5f8972c6fc13ae2bb00009eb,-2.5
5f8972c6fc13ae2bb00009ec,-2.5
5f8972c6fc13ae2bb00009ed,-2.5
5f8972c6fc13ae2bb00009ee,-2.5
5f8972c6fc13ae2bb00009ef,-2.5
5f8972c6fc13ae2bb00009f0,-2.5
5f8972c6fc13ae2bb00009f1,-2.5
5f8972c6fc13ae2bb00009f2,-2.5
5f8972c6fc13ae2bb00009f3,-2.5
5f8972c6fc13ae2bb00009f4,-2.5
5f8972c6fc13ae2bb00009f5,-2.5
5f8972c6fc13ae2bb00009f6,-2.5
5f8972c6fc13ae2bb00009f7,-2.5
5f8972c6fc13ae2bb00009f8,-2.5
5f8972c6fc13ae2bb00009f9,-2.5
5f8972c6fc13ae2bb00009fa,-2.5
5f8972c6fc13ae2bb00009fb,-2.5
5f8972c6fc13ae2bb00009fc,-2.5
5f8972c6fc13ae2bb00009fd,-2.5
5f8972c6fc13ae2bb00009fe,-2.5
5f8972c6fc13ae2bb00009ff,-2.5
5f8972c6fc13ae2bb0000a00,-2.5
5f8972c6fc13ae2bb0000a01,-2.5
5f8972c6fc13ae2bb0000a02,-2.5
5f8972c6fc13ae2bb0000a03,-2.5
5f8972c6fc13ae2bb0000a04,-2.5
5f8972c6fc13ae2bb0000a05,-2.5
5f8972c6fc13ae2bb0000a06,-2.5
5f8972c6fc13ae2bb0000a07,-2.5
5f8972c6fc13ae2bb0000a08,-2.5
5f8972c6fc13ae2bb0000a09,-2.5
5f8972c6fc13ae2bb0000a0a,-2.5
5f8972c6fc13ae2bb0000a0b,-2.5
5f8972c6fc13ae2bb0000a0c,-2.5
5f8972c6fc13ae2bb0000a0d,-2.5
5f8972c6fc13ae2bb0000a0e,-2.5
5f8972c6fc13ae2bb0000a0f,-2.5
5f8972c6fc13ae2bb0000a10,-2.5
5f8972c6fc13ae2bb0000a11,-2.5
5f8972c6fc13ae2bb0000a12,-2.5
5f8972c6fc13ae2bb0000a13,-2.5
5f8972c6fc13ae2bb0000a14,-2.5
5f8972c6fc13ae2bb0000a15,-2.5
5f8972c6fc13ae2bb0000a16,-2.5
5f8972c6fc13ae2bb0000a17,-2.5
5f8972c6fc13ae2bb0000a18,-2.5
5f8972c6fc13ae2bb0000a19,-2.5
5f8972c6fc13ae2bb0000a1a,-2.5
5f8972c6fc13ae2bb0000a1b,-2.5
5f8972c6fc13ae2bb0000a1c,-2.5
5f8972c6fc13ae2bb0000a1d,-2.5
5f8972c6fc13ae2bb0000a1e,-2.5
5f8972c6fc13ae2bb0000a1f,-2.5
5f8972c6fc13ae2bb0000a20,-2.5
5f8972c6fc13ae2bb0000a21,-2.5
5f8972c6fc13ae2bb0000a22,-2.5
5f8972c6fc13ae2bb0000a23,-2.5
5f8972c6fc13ae2bb0000a24,-2.5
5f8972c6fc13ae2bb0000a25,-2.5
5f8972c6fc13ae2bb0000a26,-2.5
5f8972c6fc13ae2bb0000a27,-2.5
5f8972c6fc13ae2bb0000a28,-2.5
5f8972c6fc13ae2bb0000a29,-2.5
5f8972c6fc13ae2bb0000a2a,-2.5
5f8972c6fc13ae2bb0000a2b,-2.5
5f8972c6fc13ae2bb0000a2c,-2.5
5f8972c6fc13ae2bb0000a2d,-2.5
5f8972c6fc13ae2bb0000a2e,-2.5
5f8972c6fc13ae2bb0000a2f,-2.5
5f8972c6fc13ae2bb0000a30,-2.5
5f8972c6fc13ae2bb0000a31,-2.5
5f8972c6fc13ae2bb0000a32,-2.5
5f8972c6fc13ae2bb0000a33,-2.5
5f8972c6fc13ae2bb0000a34,-2.5
5f8972c6fc13ae2bb0000a35,-2.5
5f8972c6fc13ae2bb0000a36,-2.5
5f8972c6fc13ae2bb0000a37,-2.5
5f8972c6fc13ae2bb0000a38,-2.5
5f8972c6fc13ae2bb0000a39,-2.5
5f8972c6fc13ae2bb0000a3a,-2.5
5f8972c6fc13ae2bb0000a3b,-2.5
5f8972c6fc13ae2bb0000a3c,-2.5
5f8972c6fc13ae2bb0000a3d,-2.5
5f8972c6fc13ae2bb0000a3e,-2.5
5f8972c6fc13ae2bb0000a3f,-2.5
5f8972c6fc13ae2bb0000a40,-2.5
5f8972c6fc13ae2bb0000a41,-2.5
5f8972c6fc13ae2bb0000a42,-2.5
5f8972c6fc13ae2bb0000a43,-2.5
5f8972c6fc13ae2bb0000a44,-2.5
5f8972c6fc13ae2bb0000a45,-2.5
5f8972c6fc13ae2bb0000a46,-2.5
5f8972c6fc13ae2bb0000a47,-2.5
5f8972c6fc13ae2bb0000a48,-2.5
5f8972c6fc13ae2bb0000a49,-2.5
5f8972c6fc13ae2bb0000a4a,-2.5
5f8972c6fc13ae2bb0000a4b,-2.5
5f8972c6fc13ae2bb0000a4c,-2.5
5f8972c6fc13ae2bb0000a4d,-2.5
5f8972c6fc13ae2bb0000a4e,-2.5
5f8972c6fc13ae2bb0000a4f,-2.5
5f8972c6fc13ae2bb0000a50,-2.5
5f8972c6fc13ae2bb0000a51,-2.5
5f8972c6fc13ae2bb0000a52,-2.5
5f8972c6fc13ae2bb0000a53,-2.5
5f8972c6fc13ae2bb0000a54,-2.5
5f8972c6fc13ae2bb0000a55,-2.5
5f8972c6fc13ae2bb0000a56,-2.5
5f8972c6fc13ae2bb0000a57,-2.5
5f8972c6fc13ae2bb0000a58,-2.5
5f8972c6fc13ae2bb0000a59,-2.5
5f8972c6fc13ae2bb0000a5a,-2.5
5f8972c6fc13ae2bb0000a5b,-2.5
5f8972c6fc13ae2bb0000a5c,-2.5
5f8972c6fc13ae2bb0000a5d,-2.5
5f8972c6fc13ae2bb0000a5e,-2.5
5f8972c6fc13ae2bb0000a5f,-2.5
5f8972c6fc13ae2bb0000a60,-2.5
5f8972c6fc13ae2bb0000a61,-2.5
5f8972c6fc13ae2bb0000a62,-2.5
5f8972c6fc13ae2bb0000a63,-2.5
5f8972c6fc13ae2bb0000a64,-2.5
5f8972c6fc13ae2bb0000a65,-2.5
5f8972c6fc13ae2bb0000a66,-2.5
5f8972c6fc13ae2bb0000a67,-2.5
5f8972c6fc13ae2bb0000a68,-2.5
5f8972c6fc13ae2bb0000a69,-2.5
5f8972c6fc13ae2bb0000a6a,-2.5
5f8972c6fc13ae2bb0000a6b,-2.5
5f8972c6fc13ae2bb0000a6c,-2.5
5f8972c6fc13ae2bb0000a6d,-2.5
5f8972c6fc13ae2bb0000a6e,-2.5
5f8972c6fc13ae2bb0000a6f,-2.5
5f8972c6fc13ae2bb0000a70,-2.5
5f8972c6fc13ae2bb0000a71,-2.5
5f8972c6fc13ae2bb0000a72,-2.5
5f8972c6fc13ae2bb0000a73,-2.5
5f8972c6fc13ae2bb0000a74,-2.5
5f8972c6fc13ae2bb0000a75,-2.5
5f8972c6fc13ae2bb0000a76,-2.5
5f8972c6fc13ae2bb0000a77,-2.5
5f8972c6fc13ae2bb0000a78,-2.5
5f8972c6fc13ae2bb0000a79,-2.5
5f8972c6fc13ae2bb0000a7a,-2.5
5f8972c6fc13ae2bb0000a7b,-2.5
5f8972c6fc13ae2bb0000a7c,-2.5
5f8972c6fc13ae2bb0000a7d,-2.5
5f8972c6fc13ae2bb0000a7e,-2.5
5f8972c6fc13ae2bb0000a7f,-2.5
5f8972c6fc13ae2bb0000a80,-2.5
5f8972c6fc13ae2bb0000a81,-2.5
5f8972c6fc13ae2bb0000a82,-2.5
5f8972c6fc13ae2bb0000a83,-2.5
5f8972c6fc13ae2bb0000a84,-2.5
5f8972c6fc13ae2bb0000a85,-2.5
5f8972c6fc13ae2bb0000a86,-2.5
5f8972c6fc13ae2bb0000a87,-2.5
5f8972c6fc13ae2bb0000a88,-2.5
5f8972c6fc13ae2bb0000a89,-2.5
5f8972c6fc13ae2bb0000a8a,-2.5
5f8972c6fc13ae2bb0000a8b,-2.5
5f8972c6fc13ae2bb0000a8c,-2.5
5f8972c6fc13ae2bb0000a8d,-2.5
5f8972c6fc13ae2bb0000a8e,-2.5
5f8972c6fc13ae2bb0000a8f,-2.5
5f8972c6fc13ae2bb0000a90,-2.5
5f8972c6fc13ae2bb0000a91,-2.5
5f8972c6fc13ae2bb0000a92,-2.5
5f8972c6fc13ae2bb0000a93,-2.5
5f8972c6fc13ae2bb0000a94,-2.5
5f8972c6fc13ae2bb0000a95,-2.5
5f8972c6fc13ae2bb0000a96,-2.5
5f8972c6fc13ae2bb0000a97,-2.5
5f8972c6fc13ae2bb0000a98,-2.5
5f8972c6fc13ae2bb0000a99,-2.5
5f8972c6fc13ae2bb0000a9a,-2.5
5f8972c6fc13ae2bb0000a9b,-2.5
5f8972c6fc13ae2bb0000a9c,-2.5
5f8972c6fc13ae2bb0000a9d,-2.5
5f8972c6fc13ae2bb0000a9e,-2.5
5f8972c6fc13ae2bb0000a9f,-2.5
5f8972c6fc13ae2bb0000aa0,-2.5
5f8972c6fc13ae2bb0000aa1,-2.5
5f8972c6fc13ae2bb0000aa2,-2.5
5f8972c6fc13ae2bb0000aa3,-2.5
5f8972c6fc13ae2bb0000aa4,-2.5
5f8972c6fc13ae2bb0000aa5,-2.5
5f8972c6fc13ae2bb0000aa6,-2.5
5f8972c6fc13ae2bb0000aa7,-2.5
5f8972c6fc13ae2bb0000aa8,-2.5
5f8972c6fc13ae2bb0000aa9,-2.5
5f8972c6fc13ae2bb0000aaa,-2.5
5f8972c6fc13ae2bb0000aab,-2.5
5f8972c6fc13ae2bb0000aac,-2.5
5f8972c6fc13ae2bb0000aad,-2.5
5f8972c6fc13ae2bb0000aae,-2.5
5f8972c6fc13ae2bb0000aaf,-2.5
5f8972c6fc13ae2bb0000ab0,-2.5
5f8972c6fc13ae2bb0000ab1,-2.5
5f8972c6fc13ae2bb0000ab2,-2.5
5f8972c6fc13ae2bb0000ab3,-2.5
5f8972c6fc13ae2bb0000ab4,-2.5
5f8972c6fc13ae2bb0000ab5,-2.5
5f8972c6fc13ae2bb0000ab6,-2.5
5f8972c6fc13ae2bb0000ab7,-2.5
5f8972c6fc13ae2bb0000ab8,-2.5
5f8972c6fc13ae2bb0000ab9,-2.5
5f8972c6fc13ae2bb0000aba,-2.5
5f8972c6fc13ae2bb0000abb,-2.5
5f8972c6fc13ae2bb0000abc,-2.5
5f8972c6fc13ae2bb0000abd,-2.5
5f8972c6fc13ae2bb0000abe,-2.5
5f8972c6fc13ae2bb0000abf,-2.5
5f8972c6fc13ae2bb0000ac0,-2.5
5f8972c6fc13ae2bb0000ac1,-2.5
5f8972c6fc13ae2bb0000ac2,-2.5
5f8972c6fc13ae2bb0000ac3,-2.5
5f8972c6fc13ae2bb0000ac4,-2.5
5f8972c6fc13ae2bb0000ac5,-2.5
5f8972c6fc13ae2bb0000ac6,-2.5
5f8972c6fc13ae2bb0000ac7,-2.5
5f8972c6fc13ae2bb0000ac8,-2.5
5f8972c6fc13ae2bb0000ac9,-2.5
5f8972c6fc13ae2bb0000aca,-2.5
5f8972c6fc13ae2bb0000acb,-2.5
5f8972c6fc13ae2bb0000acc,-2.5
5f8972c6fc13ae2bb0000acd,-2.5
5f8972c6fc13ae2bb0000ace,-2.5
5f8972c6fc13ae2bb0000acf,-2.5
5f8972c6fc13ae2bb0000ad0,-2.5
5f8972c6fc13ae2bb0000ad1,-2.5
5f8972c6fc13ae2bb0000ad2,-2.5
5f8972c6fc13ae2bb0000ad3,-2.5
5f8972c6fc13ae2bb0000ad4,-2.5
5f8972c6fc13ae2bb0000ad5,-2.5
5f8972c6fc13ae2bb0000ad6,-2.5
5f8972c6fc13ae2bb0000ad7,-2.5
5f8972c6fc13ae2bb0000ad8,-2.5
5f8972c6fc13ae2bb0000ad9,-2.5
5f8972c6fc13ae2bb0000ada,-2.5
5f8972c6fc13ae2bb0000adb,-2.5
5f8972c6fc13ae2bb0000adc,-2.5
5f8972c6fc13ae2bb0000add,-2.5
5f8972c6fc13ae2bb0000ade,-2.5
5f8972c6fc13ae2bb0000adf,-2.5
5f8972c6fc13ae2bb0000ae0,-2.5
5f8972c6fc13ae2bb0000ae1,-2.5
5f8972c6fc13ae2bb0000ae2,-2.5
5f8972c6fc13ae2bb0000ae3,-2.5
5f8972c6fc13ae2bb0000ae4,-2.5
5f8972c6fc13ae2bb0000ae5,-2.5
5f8972c6fc13ae2bb0000ae6,-2.5
5f8972c6fc13ae2bb0000ae7,-2.5
5f8972c6fc13ae2bb0000ae8,-2.5
5f8972c6fc13ae2bb0000ae9,-2.5
5f8972c6fc13ae2bb0000aea,-2.5
5f8972c6fc13ae2bb0000aeb,-2.5
5f8972c6fc13ae2bb0000aec,-2.5
5f8972c6fc13ae2bb0000aed,-2.5
5f8972c6fc13ae2bb0000aee,-2.5
5f8972c6fc13ae2bb0000aef,-2.5
5f8972c6fc13ae2bb0000af0,-2.5
5f8972c6fc13ae2bb0000af1,-2.5
5f8972c6fc13ae2bb0000af2,-2.5
5f8972c6fc13ae2bb0000af3,-2.5
5f8972c6fc13ae2bb0000af4,-2.5
5f8972c6fc13ae2bb0000af5,-2.5
5f8972c6fc13ae2bb0000af6,-2.5
5f8972c6fc13ae2bb0000af7,-2.5
5f8972c6fc13ae2bb0000af8,-2.5
5f8972c6fc13ae2bb0000af9,-2.5
5f8972c6fc13ae2bb0000afa,-2.5
5f8972c6fc13ae2bb0000afb,-2.5
5f8972c6fc13ae2bb0000afc,-2.5
5f8972c6fc13ae2bb0000afd,-2.5
5f8972c6fc13ae2bb0000afe,-2.5
5f8972c6fc13ae2bb0000aff,-2.5
5f8972c6fc13ae2bb0000b00,-2.5
5f8972c6fc13ae2bb0000b01,-2.5
5f8972c6fc13ae2bb0000b02,-2.5
5f8972c6fc13ae2bb0000b03,-2.5
5f8972c6fc13ae2bb0000b04,-2.5
5f8972c6fc13ae2bb0000b05,-2.5
5f8972c6fc13ae2bb0000b06,-2.5
5f8972c6fc13ae2bb0000b07,-2.5
5f8972c6fc13ae2bb0000b08,-2.5
5f8972c6fc13ae2bb0000b09,-2.5
5f8972c6fc13ae2bb0000b0a,-2.5
5f8972c6fc13ae2bb0000b0b,-2.5
5f8972c6fc13ae2bb0000b0c,-2.5
5f8972c6fc13ae2bb0000b0d,-2.5
5f8972c6fc13ae2bb0000b0e,-2.5
5f8972c6fc13ae2bb0000b0f,-2.5
5f8972c6fc13ae2bb0000b10,-2.5
5f8972c6fc13ae2bb0000b11,-2.5
5f8972c6fc13ae2bb0000b12,-2.5
5f8972c6fc13ae2bb0000b13,-2.5
5f8972c6fc13ae2bb0000b14,-2.5
5f8972c6fc13ae2bb0000b15,-2.5
5f8972c6fc13ae2bb0000b16,-2.5
5f8972c6fc13ae2bb0000b17,-2.5
5f8972c6fc13ae2bb0000b18,-2.5
5f8972c6fc13ae2bb0000b19,-2.5
5f8972c6fc13ae2bb0000b1a,-2.5
5f8972c6fc13ae2bb0000b1b,-2.5
5f8972c6fc13ae2bb0000b1c,-2.5
5f8972c6fc13ae2bb0000b1d,-2.5
5f8972c6fc13ae2bb0000b1e,-2.5
5f8972c6fc13ae2bb0000b1f,-2.5
5f8972c6fc13ae2bb0000b20,-2.5
5f8972c6fc13ae2bb0000b21,-2.5
5f8972c6fc13ae2bb0000b22,-2.5
5f8972c6fc13ae2bb0000b23,-2.5
5f8972c6fc13ae2bb0000b24,-2.5
5f8972c6fc13ae2bb0000b25,-2.5
5f8972c6fc13ae2bb0000b26,-2.5
5f8972c6fc13ae2bb0000b27,-2.5
5f8972c6fc13ae2bb0000b28,-2.5
5f8972c6fc13ae2bb0000b29,-2.5
5f8972c6fc13ae2bb0000b2a,-2.5
5f8972c6fc13ae2bb0000b2b,-2.5
5f8972c6fc13ae2bb0000b2c,-2.5
5f8972c6fc13ae2bb0000b2d,-2.5
5f8972c6fc13ae2bb0000b2e,-2.5
5f8972c6fc13ae2bb0000b2f,-2.5
5f8972c6fc13ae2bb0000b30,-2.5
5f8972c6fc13ae2bb0000b31,-2.5
5f8972c6fc13ae2bb0000b32,-2.5
5f8972c6fc13ae2bb0000b33,-2.5
5f8972c6fc13ae2bb0000b34,-2.5
5f8972c6fc13ae2bb0000b35,-2.5
5f8972c6fc13ae2bb0000b36,-2.5
5f8972c6fc13ae2bb0000b37,-2.5
5f8972c6fc13ae2bb0000b38,-2.5
5f8972c6fc13ae2bb0000b39,-2.5
5f8972c6fc13ae2bb0000b3a,-2.5
5f8972c6fc13ae2bb0000b3b,-2.5
5f8972c6fc13ae2bb0000b3c,-2.5
5f8972c6fc13ae2bb0000b3d,-2.5
5f8972c6fc13ae2bb0000b3e,-2.5
5f8972c6fc13ae2bb0000b3f,-2.5
5f8972c6fc13ae2bb0000b40,-2.5
5f8972c6fc13ae2bb0000b41,-2.5
5f8972c6fc13ae2bb0000b42,-2.5
5f8972c6fc13ae2bb0000b43,-2.5
5f8972c6fc13ae2bb0000b44,-2.5
5f8972c6fc13ae2bb0000b45,-2.5
5f8972c6fc13ae2bb0000b46,-2.5
5f8972c6fc13ae2bb0000b47,-2.5
5f8972c6fc13ae2bb0000b48,-2.5
5f8972c6fc13ae2bb0000b49,-2.5
5f8972c6fc13ae2bb0000b4a,-2.5
5f8972c6fc13ae2bb0000b4b,-2.5
5f8972c6fc13ae2bb0000b4c,-2.5
5f8972c6fc13ae2bb0000b4d,-2.5
5f8972c6fc13ae2bb0000b4e,-2.5
5f8972c6fc13ae2bb0000b4f,-2.5
5f8972c6fc13ae2bb0000b50,-2.5
5f8972c6fc13ae2bb0000b51,-2.5
5f8972c6fc13ae2bb0000b52,-2.5
5f8972c6fc13ae2bb0000b53,-2.5
5f8972c6fc13ae2bb0000b54,-2.5
5f8972c6fc13ae2bb0000b55,-2.5
5f8972c6fc13ae2bb0000b56,-2.5
5f8972c6fc13ae2bb0000b57,-2.5
5f8972c6fc13ae2bb0000b58,-2.5
5f8972c6fc13ae2bb0000b59,-2.5
5f8972c6fc13ae2bb0000b5a,-2.5
5f8972c6fc13ae2bb0000b5b,-2.5
5f8972c6fc13ae2bb0000b5c,-2.5
5f8972c6fc13ae2bb0000b5d,-2.5
5f8972c6fc13ae2bb0000b5e,-2.5
5f8972c6fc13ae2bb0000b5f,-2.5
5f8972c6fc13ae2bb0000b60,-2.5
5f8972c6fc13ae2bb0000b61,-2.5
5f8972c6fc13ae2bb0000b62,-2.5
5f8972c6fc13ae2bb0000b63,-2.5
5f8972c6fc13ae2bb0000b64,-2.5
5f8972c6fc13ae2bb0000b65,-2.5
5f8972c6fc13ae2bb0000b66,-2.5
5f8972c6fc13ae2bb0000b67,-2.5
5f8972c6fc13ae2bb0000b68,-2.5
5f8972c6fc13ae2bb0000b69,-2.5
5f8972c6fc13ae2bb0000b6a,-2.5
5f8972c6fc13ae2bb0000b6b,-2.5
5f8972c6fc13ae2bb0000b6c,-2.5
5f8972c6fc13ae2bb0000b6d,-2.5
5f8972c6fc13ae2bb0000b6e,-2.5
5f8972c6fc13ae2bb0000b6f,-2.5
5f8972c6fc13ae2bb0000b70,-2.5
5f8972c6fc13ae2bb0000b71,-2.5
5f8972c6fc13ae2bb0000b72,-2.5
5f8972c6fc13ae2bb0000b73,-2.5
5f8972c6fc13ae2bb0000b74,-2.5
5f8972c6fc13ae2bb0000b75,-2.5
5f8972c6fc13ae2bb0000b76,-2.5
5f8972c6fc13ae2bb0000b77,-2.5
5f8972c6fc13ae2bb0000b78,-2.5
5f8972c6fc13ae2bb0000b79,-2.5
5f8972c6fc13ae2bb0000b7a,-2.5
5f8972c6fc13ae2bb0000b7b,-2.5
5f8972c6fc13ae2bb0000b7c,-2.5
5f8972c6fc13ae2bb0000b7d,-2.5
5f8972c6fc13ae2bb0000b7e,-2.5
5f8972c6fc13ae2bb0000b7f,-2.5
5f8972c6fc13ae2bb0000b80,-2.5
5f8972c6fc13ae2bb0000b81,-2.5
5f8972c6fc13ae2bb0000b82,-2.5
5f8972c6fc13ae2bb0000b83,-2.5
5f8972c6fc13ae2bb0000b84,-2.5
5f8972c6fc13ae2bb0000b85,-2.5
5f8972c6fc13ae2bb0000b86,-2.5
5f8972c6fc13ae2bb0000b87,-2.5
5f8972c6fc13ae2bb0000b88,-2.5
5f8972c6fc13ae2bb0000b89,-2.5
5f8972c6fc13ae2bb0000b8a,-2.5
5f8972c6fc13ae2bb0000b8b,-2.5
5f8972c6fc13ae2bb0000b8c,-2.5
5f8972c6fc13ae2bb0000b8d,-2.5
5f8972c6fc13ae2bb0000b8e,-2.5
5f8972c6fc13ae2bb0000b8f,-2.5
5f8972c6fc13ae2bb0000b90,-2.5
5f8972c6fc13ae2bb0000b91,-2.5
5f8972c6fc13ae2bb0000b92,-2.5
5f8972c6fc13ae2bb0000b93,-2.5
5f8972c6fc13ae2bb0000b94,-2.5
5f8972c6fc13ae2bb0000b95,-2.5
5f8972c6fc13ae2bb0000b96,-2.5
5f8972c6fc13ae2bb0000b97,-2.5
5f8972c6fc13ae2bb0000b98,-2.5
5f8972c6fc13ae2bb0000b99,-2.5
5f8972c6fc13ae2bb0000b9a,-2.5
5f8972c6fc13ae2bb0000b9b,-2.5
5f8972c6fc13ae2bb0000b9c,-2.5
5f8972c6fc13ae2bb0000b9d,-2.5
5f8972c6fc13ae2bb0000b9e,-2.5
5f8972c6fc13ae2bb0000b9f,-2.5
5f8972c6fc13ae2bb0000ba0,-2.5
5f8972c6fc13ae2bb0000ba1,-2.5
5f8972c6fc13ae2bb0000ba2,-2.5
5f8972c6fc13ae2bb0000ba3,-2.5
5f8972c6fc13ae2bb0000ba4,-2.5
5f8972c6fc13ae2bb0000ba5,-2.5
5f8972c6fc13ae2bb0000ba6,-2.5
5f8972c6fc13ae2bb0000ba7,-2.5
5f8972c6fc13ae2bb0000ba8,-2.5
5f8972c6fc13ae2bb0000ba9,-2.5
5f8972c6fc13ae2bb0000baa,-2.5
5f8972c6fc13ae2bb0000bab,-2.5
5f8972c6fc13ae2bb0000bac,-2.5
5f8972c6fc13ae2bb0000bad,-2.5
5f8972c6fc13ae2bb0000bae,-2.5
5f8972c6fc13ae2bb0000baf,-2.5
5f8972c6fc13ae2bb0000bb0,-2.5
5f8972c6fc13ae2bb0000bb1,-2.5
5f8972c6fc13ae2bb0000bb2,-2.5
5f8972c6fc13ae2bb0000bb3,-2.5
5f8972c6fc13ae2bb0000bb4,-2.5
5f8972c6fc13ae2bb0000bb5,-2.5
5f8972c6fc13ae2bb0000bb6,-2.5
5f8972c6fc13ae2bb0000bb7,-2.5
5f8972c6fc13ae2bb0000bb8,-2.5
5f8972c6fc13ae2bb0000bb9,-2.5
5f8972c6fc13ae2bb0000bba,-2.5
5f8972c6fc13ae2bb0000bbb,-2.5
5f8972c6fc13ae2bb0000bbc,-2.5
5f8972c6fc13ae2bb0000bbd,-2.5
5f8972c6fc13ae2bb0000bbe,-2.5
5f8972c6fc13ae2bb0000bbf,-2.5
5f8972c6fc13ae2bb0000bc0,-2.5
5f8972c6fc13ae2bb0000bc1,-2.5
5f8972c6fc13ae2bb0000bc2,-2.5
5f8972c6fc13ae2bb0000bc3,-2.5
5f8972c6fc13ae2bb0000bc4,-2.5
5f8972c6fc13ae2bb0000bc5,-2.5
5f8972c6fc13ae2bb0000bc6,-2.5
5f8972c6fc13ae2bb0000bc7,-2.5
5f8972c6fc13ae2bb0000bc8,-2.5
5f8972c6fc13ae2bb0000bc9,-2.5
5f8972c6fc13ae2bb0000bca,-2.5
5f8972c6fc13ae2bb0000bcb,-2.5
5f8972c6fc13ae2bb0000bcc,-2.5
5f8972c6fc13ae2bb0000bcd,-2.5
5f8972c6fc13ae2bb0000bce,-2.5
5f8972c6fc13ae2bb0000bcf,-2.5
5f8972c6fc13ae2bb0000bd0,-2.5
5f8972c6fc13ae2bb0000bd1,-2.5
5f8972c6fc13ae2bb0000bd2,-2.5
5f8972c6fc13ae2bb0000bd3,-2.5
5f8972c6fc13ae2bb0000bd4,-2.5
5f8972c6fc13ae2bb0000bd5,-2.5
5f8972c6fc13ae2bb0000bd6,-2.5
5f8972c6fc13ae2bb0000bd7,-2.5
5f8972c6fc13ae2bb0000bd8,-2.5
5f8972c6fc13ae2bb0000bd9,-2.5
5f8972c6fc13ae2bb0000bda,-2.5
5f8972c6fc13ae2bb0000bdb,-2.5
5f8972c6fc13ae2bb0000bdc,-2.5
5f8972c6fc13ae2bb0000bdd,-2.5
5f8972c6fc13ae2bb0000bde,-2.5
5f8972c6fc13ae2bb0000bdf,-2.5
5f8972c6fc13ae2bb0000be0,-2.5
5f8972c6fc13ae2bb0000be1,-2.5
5f8972c6fc13ae2bb0000be2,-2.5
5f8972c6fc13ae2bb0000be3,-2.5
5f8972c6fc13ae2bb0000be4,-2.5
5f8972c6fc13ae2bb0000be5,-2.5
5f8972c6fc13ae2bb0000be6,-2.5
5f8972c6fc13ae2bb0000be7,-2.5
5f8972c6fc13ae2bb0000be8,-2.5
5f8972c6fc13ae2bb0000be9,-2.5
5f8972c6fc13ae2bb0000bea,-2.5
5f8972c6fc13ae2bb0000beb,-2.5
5f8972c6fc13ae2bb0000bec,-2.5
5f8972c6fc13ae2bb0000bed,-2.5
5f8972c6fc13ae2bb0000bee,-2.5
5f8972c6fc13ae2bb0000bef,-2.5
5f8972c6fc13ae2bb0000bf0,-2.5
5f8972c6fc13ae2bb0000bf1,-2.5
5f8972c6fc13ae2bb0000bf2,-2.5
5f8972c6fc13ae2bb0000bf3,-2.5
5f8972c6fc13ae2bb0000bf4,-2.5
5f8972c6fc13ae2bb0000bf5,-2.5
5f8972c6fc13ae2bb0000bf6,-2.5
5f8972c6fc13ae2bb0000bf7,-2.5
5f8972c6fc13ae2bb0000bf8,-2.5
5f8972c6fc13ae2bb0000bf9,-2.5
5f8972c6fc13ae2bb0000bfa,-2.5
5f8972c6fc13ae2bb0000bfb,-2.5
5f8972c6fc13ae2bb0000bfc,-2.5
5f8972c6fc13ae2bb0000bfd,-2.5
5f8972c6fc13ae2bb0000bfe,-2.5
5f8972c6fc13ae2bb0000bff,-2.5
5f8972c6fc13ae2bb0000c00,-2.5
5f8972c6fc13ae2bb0000c01,-2.5
5f8972c6fc13ae2bb0000c02,-2.5
5f8972c6fc13ae2bb0000c03,-2.5
5f8972c6fc13ae2bb0000c04,-2.5
5f8972c6fc13ae2bb0000c05,-2.5
5f8972c6fc13ae2bb0000c06,-2.5
5f8972c6fc13ae2bb0000c07,-2.5
5f8972c6fc13ae2bb0000c08,-2.5
5f8972c6fc13ae2bb0000c09,-2.5
5f8972c6fc13ae2bb0000c0a,-2.5
5f8972c6fc13ae2bb0000c0b,-2.5
5f8972c6fc13ae2bb0000c0c,-2.5
5f8972c6fc13ae2bb0000c0d,-2.5
5f8972c6fc13ae2bb0000c0e,-2.5
5f8972c6fc13ae2bb0000c0f,-2.5
5f8972c6fc13ae2bb0000c10,-2.5
5f8972c6fc13ae2bb0000c11,-2.5
5f8972c6fc13ae2bb0000c12,-2.5
5f8972c6fc13ae2bb0000c13,-2.5
5f8972c6fc13ae2bb0000c14,-2.5
5f8972c6fc13ae2bb0000c15,-2.5
5f8972c6fc13ae2bb0000c16,-2.5
5f8972c6fc13ae2bb0000c17,-2.5
5f8972c6fc13ae2bb0000c18,-2.5
5f8972c6fc13ae2bb0000c19,-2.5
5f8972c6fc13ae2bb0000c1a,-2.5
5f8972c6fc13ae2bb0000c1b,-2.5
5f8972c6fc13ae2bb0000c1c,-2.5
5f8972c6fc13ae2bb0000c1d,-2.5
5f8972c6fc13ae2bb0000c1e,-2.5
5f8972c6fc13ae2bb0000c1f,-2.5
5f8972c6fc13ae2bb0000c20,-2.5
5f8972c6fc13ae2bb0000c21,-2.5
5f8972c6fc13ae2bb0000c22,-2.5
5f8972c6fc13ae2bb0000c23,-2.5
5f8972c6fc13ae2bb0000c24,-2.5
5f8972c6fc13ae2bb0000c25,-2.5
5f8972c6fc13ae2bb0000c26,-2.5
5f8972c6fc13ae2bb0000c27,-2.5
5f8972c6fc13ae2bb0000c28,-2.5
5f8972c6fc13ae2bb0000c29,-2.5
5f8972c6fc13ae2bb0000c2a,-2.5
5f8972c6fc13ae2bb0000c2b,-2.5
5f8972c6fc13ae2bb0000c2c,-2.5
5f8972c6fc13ae2bb0000c2d,-2.5
5f8972c6fc13ae2bb0000c2e,-2.5
5f8972c6fc13ae2bb0000c2f,-2.5
5f8972c6fc13ae2bb0000c30,-2.5
5f8972c6fc13ae2bb0000c31,-2.5
5f8972c6fc13ae2bb0000c32,-2.5
5f8972c6fc13ae2bb0000c33,-2.5
5f8972c6fc13ae2bb0000c34,-2.5
5f8972c6fc13ae2bb0000c35,-2.5
5f8972c6fc13ae2bb0000c36,-2.5
5f8972c6fc13ae2bb0000c37,-2.5
5f8972c6fc13ae2bb0000c38,-2.5
5f8972c6fc13ae2bb0000c39,-2.5
5f8972c6fc13ae2bb0000c3a,-2.5
5f8972c6fc13ae2bb0000c3b,-2.5
5f8972c6fc13ae2bb0000c3c,-2.5
5f8972c6fc13ae2bb0000c3d,-2.5
5f8972c6fc13ae2bb0000c3e,-2.5
5f8972c6fc13ae2bb0000c3f,-2.5
5f8972c6fc13ae2bb0000c40,-2.5
5f8972c6fc13ae2bb0000c41,-2.5
5f8972c6fc13ae2bb0000c42,-2.5
5f8972c6fc13ae2bb0000c43,-2.5
5f8972c6fc13ae2bb0000c44,-2.5
5f8972c6fc13ae2bb0000c45,-2.5
5f8972c6fc13ae2bb0000c46,-2.5
5f8972c6fc13ae2bb0000c47,-2.5
5f8972c6fc13ae2bb0000c48,-2.5
5f8972c6fc13ae2bb0000c49,-2.5
5f8972c6fc13ae2bb0000c4a,-2.5
5f8972c6fc13ae2bb0000c4b,-2.5
5f8972c6fc13ae2bb0000c4c,-2.5
5f8972c6fc13ae2bb0000c4d,-2.5
5f8972c6fc13ae2bb0000c4e,-2.5
5f8972c6fc13ae2bb0000c4f,-2.5
5f8972c6fc13ae2bb0000c50,-2.5
5f8972c6fc13ae2bb0000c51,-2.5
5f8972c6fc13ae2bb0000c52,-2.5
5f8972c6fc13ae2bb0000c53,-2.5
5f8972c6fc13ae2bb0000c54,-2.5
5f8972c6fc13ae2bb0000c55,-2.5
5f8972c6fc13ae2bb0000c56,-2.5
5f8972c6fc13ae2bb0000c57,-2.5
5f8972c6fc13ae2bb0000c58,-2.5
5f8972c6fc13ae2bb0000c59,-2.5
5f8972c6fc13ae2bb0000c5a,-2.5
5f8972c6fc13ae2bb0000c5b,-2.5
5f8972c6fc13ae2bb0000c5c,-2.5
5f8972c6fc13ae2bb0000c5d,-2.5
5f8972c6fc13ae2bb0000c5e,-2.5
5f8972c6fc13ae2bb0000c5f,-2.5
5f8972c6fc13ae2bb0000c60,-2.5
5f8972c6fc13ae2bb0000c61,-2.5
5f8972c6fc13ae2bb0000c62,-2.5
5f8972c6fc13ae2bb0000c63,-2.5
5f8972c6fc13ae2bb0000c64,-2.5
5f8972c6fc13ae2bb0000c65,-2.5
5f8972c6fc13ae2bb0000c66,-2.5
5f8972c6fc13ae2bb0000c67,-2.5
5f8972c6fc13ae2bb0000c68,-2.5
5f8972c6fc13ae2bb0000c69,-2.5
5f8972c6fc13ae2bb0000c6a,-2.5
5f8972c6fc13ae2bb0000c6b,-2.5
5f8972c6fc13ae2bb0000c6c,-2.5
5f8972c6fc13ae2bb0000c6d,-2.5
5f8972c6fc13ae2bb0000c6e,-2.5
5f8972c6fc13ae2bb0000c6f,-2.5
5f8972c6fc13ae2bb0000c70,-2.5
5f8972c6fc13ae2bb0000c71,-2.5
5f8972c6fc13ae2bb0000c72,-2.5
5f8972c6fc13ae2bb0000c73,-2.5
5f8972c6fc13ae2bb0000c74,-2.5
5f8972c6fc13ae2bb0000c75,-2.5
5f8972c6fc13ae2bb0000c76,-2.5
5f8972c6fc13ae2bb0000c77,-2.5
5f8972c6fc13ae2bb0000c78,-2.5
5f8972c6fc13ae2bb0000c79,-2.5
5f8972c6fc13ae2bb0000c7a,-2.5
5f8972c6fc13ae2bb0000c7b,-2.5
5f8972c6fc13ae2bb0000c7c,-2.5
5f8972c6fc13ae2bb0000c7d,-2.5
5f8972c6fc13ae2bb0000c7e,-2.5
5f8972c6fc13ae2bb0000c7f,-2.5
